"","7614-L-9-Ins-COUPTF2","7614-L-9-Ins-DLX1","7614-L-9-Ins-TBR1","7614-L-O-COUPTF2","7614-L-O-DLX1","7614-L-O-TBR1","7614-L-T-COUPTF2","7614-L-T-DLX1","7614-L-T-TBR1"
"1-106934533-C-T",0.078151303759439,0.109011445021296,0.123208859506817,0.0891693253357727,0.0620299252308056,0.0507117909366507,0.099291499660953,0.0733479539703471,0.0548626923707205
"1-168467950-G-A",0.0229081064496364,0.0202159478287708,0.0203996687120702,0.0265520518310011,0.0170502715312884,0.0182706187988828,0.0154115407068986,0.0111079117618838,0.00952618596638764
"1-169329191-G-A",0.0895113072302004,0.085973474110873,0.0837031600561474,0.0186452328252917,0.0816219002615802,0.0758479558848393,0.0134680898101553,0.0693055812133058,0.0505592446424381
"1-180856518-T-G",0.010203019316099,0.0745494059740625,0.00976551324320947,0.0107328515345165,0.0279304003685752,0.0550065324136092,0,0.00990487474461263,0.0131402754664241
"1-188748555-G-A",0.0179585992743052,0.0874683126146123,0.0313556494643609,0.0155426854003043,0.0743560457658078,0.0434065229712982,0.0233078704446344,0.163377756338745,0.219542296911208
"1-221888654-T-C",0.106902827725263,0.0691150095073813,0.0589483118918895,0.0684320942622933,0.0703873600668223,0.0709287376032914,0.151664988434755,0.0793826012528051,0.0738964348382989
"1-241434408-C-T",0.0127968718031256,0.0278447007604872,0.0300853171208453,0.0257293827143033,0.0240449580116414,0.0192165610506022,0.0339859118380709,0.0296141968952476,0.0252439769621776
"1-31691734-G-A",0.033766317294642,0.0212679324393382,0.0216574040912105,0.0433413323270037,0.022809896167308,0.0517953979243671,0.047753590497526,0.0299098624182122,0.0344327539348569
"1-45675887-A-C",0.0146831427834045,0.125944893990135,0,0,0.0950003328042966,0.137979706782209,0.0182928189536509,0.00726835556031156,0.00756859373720426
"1-64512024-C-T",0.0880214015825379,0.0406402826672789,0.0146301433995163,0.0954018706288644,0.0442612215730165,0.0160602425339779,0.0739262493387114,0.0592118077486252,0.0150075056296916
"1-98426749-G-A",0.0134388695483371,0.0366552103097502,0.0451854196422561,0,0.0153718865475336,0.0269414160811239,0.0097497196995879,0.0283793724936047,0.0148746514181779
"10-116196503-C-T",0.0574978582446699,0.040680357389149,0.0300529398021466,0.104446593573419,0.0185222241809666,0.0286299167156934,0.0892816832369623,0.0647639822859476,0.0199994285959172
"10-133022785-C-T",0.0694405970002217,0.0871700980948951,0.0636113095695444,0.0889085021457131,0.0842064100854479,0.0515330052918072,0.0777610973641905,0.0780076451238515,0.100722634240659
"10-134908190-G-A",0.0272721638040894,0.0781418781674217,0.025726679508539,0.0182627459947815,0.0617911259897266,0.0691998321807248,0.0238675817445617,0.0632108587238614,0.0531529754571293
"10-71631216-G-A",0.0677933643712769,0.117305520183131,0.0797931712758681,0.0352992258001977,0.0879205516982693,0.0518765359016039,0.0889869602634769,0.0975924532516514,0.074786909202515
"10-98982494-C-CT",0,0,0,0,0,0,0,0,0
"11-115043033-C-T",0.016216808513684,0.0118887659655553,0.0114265195031843,0.0214619949465163,0.0334491606038468,0.023492049286747,0.0505519763799989,0.0515339556907245,0.0353298699679734
"11-117506570-A-C",0.0201728827401208,0,0.0272975545216307,0,0.0162887190004466,0,0.0126198664345644,0.0287697822804617,0.0130126435881979
"11-123516528-G-A",0.244725832134927,0.230546544978903,0.272746705359221,0.236999219159488,0.275748256953556,0.292740572604006,0.271973227064516,0.235625120069315,0.263769494538857
"11-34161341-C-T",0.107028342691878,0.0800453067517986,0.0903780075727054,0.0852450685822281,0.0986904655305798,0.0740571447916968,0.0977452818676612,0.119093821459987,0.0772599580869386
"11-5470408-T-C",0.0997125121141713,0.142067390127692,0.1300981463289,0.082107082725596,0.158632412009149,0.151861036678367,0.0750290794034953,0.104831138061853,0.0977482751850261
"11-84980734-G-A",0.0143488120930829,0.0347200151505553,0.043206858336876,0.0839955238039709,0.0908013352695453,0.11178821129102,0.0839228264831384,0.0796486441243755,0.0791766670985904
"11-92861647-G-A",0.0272934872408927,0.0237977223100084,0.0214078289901497,0.0220041665166614,0.0156259537616368,0.0208152723560907,0,0.0399425241181521,0.0207178812657587
"11-94045731-T-C",0.0538682254607084,0.0435606841869032,0.0394894120045319,0.0481008033913907,0.0511520538175058,0.0471352151239041,0.0485420370656403,0.0321855806567155,0.0384976231659556
"11-94048896-G-A",0.0148266157211847,0.0185005511704639,0.0099009900990099,0,0.0164169900883574,0.0201838373337819,0.0272535889094021,0.0298788097577827,0.0167678900530818
"11-97326785-G-A",0.0334450031045325,0.0394238897575858,0.0283595238277409,0.0205803144654915,0.029469178464537,0.0317100996102996,0.0311185907165785,0.0273531995230243,0.0288314965852446
"12-107509134-G-A",0.0560095138085097,0.081923192051904,0.0592390450477518,0.0303626532774437,0.0201510269560871,0.0144677052440524,0.0574352756914041,0.068795716033507,0.0588580892273228
"12-116308531-A-G",0.0465368033501772,0.0366645166500254,0.0463805395924812,0.0476383414278775,0.0519349144004577,0.0650256088762355,0.0340403958784899,0.0347827548112912,0.0267070545318817
"12-42784039-A-G",0.05267892725497,0.038512847140121,0.0341506334174156,0.0328723946021549,0.0320987593166521,0.045474975382969,0.0283501199992244,0.0387333548362199,0.0366527048596354
"13-104815490-G-A",0.0304219896601455,0.075313336644384,0.0369574574143919,0.0220906159996722,0.0274493341146805,0.0297692889338983,0.0223094269660798,0.056119180172109,0.0424895241382515
"13-113887705-CCAG-C",0.00889741692097981,0.00947622554473629,0.00893213245907578,0,0,0,0,0.00922924025252575,0
"13-29160961-C-A",0.029925838406318,0.0273145211181607,0.0225463239186528,0.0153691630477548,0.0177303849760498,0.032258064516129,0.0273111252679433,0.0192503570372767,0.0268693829734987
"13-40455905-T-C",0.0411693484796309,0.0360074491685932,0.0259290205204502,0.0254887969496704,0.032971711690639,0.0427756166649416,0.0248990522356146,0.0386198630795525,0.0397862588198769
"13-47430361-C-T",0.0271537693320852,0.0673078997411349,0.029460225349196,0.0266406307723541,0.0490486886395286,0.0308901031607608,0.0330469434780819,0.154543510963395,0.199834915366009
"13-66931942-G-A",0.0772585048532487,0.125922641202665,0.121341627423472,0.0925141673166386,0.0802945125015656,0.0643036955881368,0.104369465823187,0.0949503409829152,0.0936062433048741
"13-79159985-T-C",0.0440525942989976,0.0399756413161546,0.0450275878489252,0.0313941897146474,0.029738808232643,0.0414513336144839,0.0412610305110354,0.0246189198936127,0.0249837398356782
"13-84595018-A-G",0.0391710337549792,0.0309699953182662,0.0344251277468006,0.0440585114540748,0.0437985374817553,0.0451805179433904,0.0498212753625046,0.0307013114454932,0.0343262291349906
"13-95433485-C-T",0.0988921427667339,0.113221526740238,0.0946254977251604,0.122214124149713,0.135200990468057,0.129272630797305,0.109844206000952,0.1210196634441,0.111042274844065
"13-97971976-C-T",0.0585679507875842,0.0392856046720149,0.0604784629182723,0.0410132391597532,0.0755452970142098,0.10871772562692,0.0359478305447596,0.0528018376500941,0.0570061198691798
"14-38033902-G-T",0.0814544015563843,0.0321135832253209,0.0169357785093756,0.0655872853444391,0.119826101815865,0.114619186700196,0.0545815534604222,0.0611549749008274,0.0837805811298189
"14-44933484-T-C",0.0410713749938929,0.110880350506647,0.0392655357831673,0.0297460122875944,0.0581577048871601,0.0559385132046968,0.0497660750047208,0.0605597363154075,0.0649867920703248
"14-48138164-C-G",0.419445956949076,0.346802439045314,0.292941583588053,0.390070151043287,0.332877292206403,0.338040976531862,0.318793986524376,0.332495955027827,0.335667084118947
"14-48579727-C-T",0.0132065716402962,0.0258321929491932,0.0325538601557133,0.00981572186847253,0.0171821052212236,0.0268148557911827,0.0164733245164463,0.0471008643851728,0.0131616930957264
"14-57423222-C-T",0.0236582870381977,0.0261033441047935,0.0187706150031844,0.0289490474744033,0.0169667083501499,0.0108644320103908,0.0170054255962859,0.0305498614848302,0.0199387822227279
"14-65962309-A-C",0,0.012953194003771,0,0,0,0,0.0165441875279726,0,0
"14-78677839-C-T",0.0739482786520041,0.0641433193047923,0.0622368723666733,0.0979002063437293,0.0321985546035497,0.0192977927240908,0.105869308830342,0.0520474179722611,0.0458955359053694
"14-82666170-G-A",0.0645435166277641,0.0841922295453234,0.0737048649569794,0.0820278581100531,0.0500489849352774,0.0234758601529334,0.0562286986295069,0.0526133641764657,0.0605287459153693
"15-42431069-T-C",0.0364094025587371,0.0392419181066236,0.0371192914629285,0.0428411168653385,0.0393585362481357,0.0420440605304917,0.0293157665089994,0.0295634663619773,0.0353133243813133
"15-65325135-G-A",0.0872194987740778,0.118197463509649,0.0779237207906526,0.14068818305644,0.0501459490557458,0.0449306422975052,0.13538126437442,0.0848365491201704,0.050736112997678
"15-93474236-T-G",0,0.0304981379760842,0,0.0171734461095616,0,0.0149004988770537,0,0,0.00808610650109583
"16-27878380-T-C",0.052470329858389,0.0538260568745364,0.0474123811287465,0.0393546284912729,0.0430087476202214,0.0446133367846332,0.0491354516847521,0.0368538132279227,0.0467269313515998
"16-28153814-G-A",0.0378686468840121,0.062207069094599,0.0260926787952146,0.0125898262433416,0.136237129598993,0.104880884817015,0.0362321218772368,0.0704916312339912,0.0702000745244386
"16-58426889-C-A",0.057816113940872,0.102673586213049,0.0998816917657346,0.0515495225597383,0.093113692229654,0.0864170777019976,0.0551385794309195,0.0447101834009895,0.0556755720176497
"16-69679204-G-C",0.00908865598440394,0.00920847791236763,0,0,0.0148098045716019,0,0.0131635935091379,0,0
"16-73751747-A-G",0.0316782621528642,0.0319519803053166,0.0406605822335012,0.0531719356018913,0.0454024604764502,0.0420331351709199,0.0357462162398538,0.0245464993153869,0.0346098812626419
"16-78187280-G-A",0.276907305911586,0.253613025472342,0.282029777519953,0.247757802241279,0.290509408576019,0.29051869854818,0.271858132316221,0.265320412160731,0.285241149269967
"16-78774167-C-T",0.0260942333386721,0.0201808230416025,0.026972354019169,0.0285365072767675,0.0245996691366752,0.0272812962983173,0.036848808749471,0.0344776345016895,0.0150829962914864
"16-80604095-C-T",0.0131601733574734,0.0472856116284634,0.0281897124066383,0.0133315559110321,0.030230514501574,0.0254427393982856,0.0235767760538616,0.111087868539764,0.159167640922221
"16-83174915-T-C",0.0846385361360315,0.0958490174599228,0.130783614552901,0.135207287968345,0.171734899618271,0.185617298527387,0.113541582584603,0.1423797121466,0.145732337598644
"17-30813389-C-G",0.106620553377035,0.0494282286135687,0.028238101190159,0.0890140284885453,0.0524207882973512,0.0463639199124433,0.0563982293985039,0.0799190563469279,0.0292967937212772
"17-32373696-G-A",0.0778212186605906,0.0322063127631997,0.0200910175660926,0.0508328567775348,0.0259286331414375,0.0275397461590676,0.0807004739859646,0.0592203077774665,0.0326399014015347
"18-12016169-T-C",0.0261220399079508,0.0164867520349233,0.0355166401142884,0.0352727651691069,0.0221132891043423,0.0267643863786095,0,0.0284785885905587,0.0559191769115617
"18-40074413-T-C",0.0410997468263393,0.0958811466972878,0.086710996952412,0.0506759648700549,0.0750871408182043,0.0622480016617344,0.0818317088384971,0.0865544679126923,0.0767388297676681
"18-56480516-G-A",0.0363069006705468,0.0934924902646448,0.108409304580315,0.0695490273819553,0.0517960412455647,0.0302015123282586,0.0761410466572494,0.0645980510233838,0.0559135067455655
"18-6258630-G-A",0.0884962682795427,0.123289303211369,0.0940835716493949,0.0668492320472701,0.139369800872334,0.128098658889414,0.0876481177166747,0.0796478770045593,0.0921948216370493
"18-65335071-G-A",0,0,0,0,0,0,0,0.081923192051904,0
"18-72031228-C-T",0.0151637039262337,0.0246872193773434,0.021355288364341,0.0186166701279886,0,0,0.0115087067529687,0.0182734148228948,0
"19-23463606-T-C",0.0353966592793584,0.0330601846456141,0.0381114556841427,0.0367009729233048,0.0382919790533742,0.0337054873431349,0.0399728277125942,0.0118719975990075,0.0281564495378896
"19-29424630-G-T",0.0147345892322685,0.0219837746340498,0.0165856638260244,0.0199553499682229,0.0080514358399395,0.0225145864376519,0.0239525252382652,0.0198653716632253,0.0158222698531863
"19-31142255-G-A",0.0154010275908424,0.0255538110154145,0.0259922987563671,0.0115717181041609,0.0184710715573377,0.0234532514910097,0.0196065868282267,0.023776971820586,0.0304136744078307
"19-39211568-A-G",0.0279443010405243,0.0499328279132465,0.0378144584753073,0.0481769042656766,0.0315675815873586,0.0649569802461631,0.0593610888748139,0.0370116605098803,0.0465569731651236
"19-47833717-G-A",0.0826179908199646,0.136486853598623,0.111969845509763,0.09766112408862,0.103422565956223,0.0629103722797274,0.0889418693255611,0.118654740185216,0.0778521848936501
"19-58435948-C-A",0.0636847556419311,0.0146311873285483,0.0165137058709601,0.0441229689715555,0.0533066237028055,0.058204081260098,0.0362920754977915,0.0465059119113417,0.0278369080925007
"2-101097017-C-T",0.068947204454742,0.0333370376544353,0.0198175279324382,0.0647814995647007,0.0523201541231329,0.0494166211107401,0.0616286354201444,0.0497701137248398,0.0597763267563781
"2-119890951-G-A",0.0248605505081814,0.0245715397525247,0.0265289426522875,0.0302613766334401,0.0342513962009945,0.0323106415052778,0.0297044262893002,0.0263137647928215,0.0316280483824325
"2-139753954-C-T",0.0617229287550594,0.0395986555692688,0.0142026255980351,0.0513298824652905,0.0205681218190607,0.0254369768830195,0.052034423485197,0.0561329859007695,0.0411860448076082
"2-142968696-G-T",0.0426522621127114,0.0347454092041609,0.0305835981327472,0.0449113874285023,0.0187218652100577,0,0.0431732891776346,0.0344150488613111,0.0282391247362453
"2-143727379-C-T",0.0434706527254452,0.122574297553299,0.0892875711616766,0.0591535490656892,0.0554650969033821,0.0315625781780026,0.0612341194595057,0.0616301820028095,0.0606125417833583
"2-1519264-AAC-A",0,0,0,0,0.00771126695072683,0.0102700587197421,0,0,0
"2-189956910-G-A",0.0182482967150453,0.021018888703981,0.0151855429557924,0.0239196120997526,0.00984088008170462,0.0240261546922062,0.0220768841648161,0.0153380968361326,0.00924263366810797
"2-194793292-CTT-C",0,0.0470745483608906,0.0496531003905091,0.0102040816326531,0,0,0.0107353251117641,0.016252107831923,0
"2-195046625-G-A",0.015269400167902,0.0117830675258752,0.0293460657666506,0.025,0.0223126199469969,0.0154531636714396,0.0203346140024633,0.02843863803116,0.0183903089480156
"2-209589692-G-A",0.12465051897816,0.102215985694996,0.115856889272698,0.126527262218938,0.0579284446363492,0.0241051348200948,0.124742835877496,0.0598565163350717,0.0491655924942487
"2-231841419-C-T",0.0172709253383613,0.0217083747526504,0.0368105086916155,0.0212055178281477,0.0348931578899427,0.0278185911453228,0.0278975031596627,0.0360497624178278,0.0158222698531863
"2-24960206-G-A",0.0349998541675782,0.039959528173464,0.0308547934485219,0.0596782319988878,0.0872581249441765,0.0524651376970949,0.0728273056060086,0.0579065880526074,0.0642050990504197
"2-49268814-A-C",0.038263936589669,0.0297646731824272,0,0,0.0272417882641598,0,0,0,0
"2-53799113-A-T",0.0775426016423156,0.0947088121449029,0.0644015996200181,0.0522055024889175,0.106527333507373,0.109239069129793,0.0534591915855255,0.016658570717633,0.0116169172559554
"2-56448245-G-A",0.0260953438969829,0.0204209250153383,0.029729794879096,0.0286299167156934,0.0185935928221606,0.0232999606230998,0.014694763792571,0.0292979367654524,0.0243526068486516
"2-71776656-C-A",0.0184005799954223,0.0326323186819058,0.0258639911528153,0.034773407121036,0.0325114826450717,0.0379959979656437,0.0278950609019146,0.0273565076941731,0.0161516326239233
"2-8566334-G-T",0.0168805926227379,0.0559214332637763,0.0618874183649944,0.0494141072294662,0.0760154769652158,0.0782061887005775,0.05157929370811,0.0645021472517519,0.090714929394876
"2-97358394-C-T",0.0975585164881945,0.132942815867801,0.113636014254232,0.101590738829861,0.130156473229983,0.135912233642158,0.0934765429274634,0.0994230642950755,0.120036874132167
"2-99501908-C-T",0.0144510782984051,0.0162435292576479,0.0148323228127627,0.0191238034550745,0,0,0.0156173761888606,0.0174856530788986,0.0184075928572645
"20-13255185-C-A",0.0130111748925287,0.0185018705180263,0,0.0166129154708492,0.0213419097616663,0.0135172166915269,0.021645224464739,0.0142460357017689,0.0161195997682021
"20-29913114-C-T",0.0404245469600336,0.0170664037196572,0.0235201899686375,0.0100656406946462,0.0348155311911395,0,0.026448257839791,0.0276203241846606,0.0149637567815527
"20-52916352-A-C",0.0513538483006802,0.0518721978804363,0.0339617805405662,0.0284808985705755,0.0771966395356048,0.0574406006326955,0.0393681803609898,0.0150764238682177,0.0147779665173332
"20-56505887-G-A",0.128841374760691,0.0929171158746889,0.0941763218696022,0.148105264552792,0.127197546872198,0.102447676874115,0.121276387226505,0.114050928155794,0.106127301110153
"20-61748407-G-A",0.0370257521382263,0.0284043396883107,0.0302560488324458,0.0264084097767226,0.018515344006021,0.0259557916752915,0.0376933801474238,0.0420248861010395,0.026102010225843
"21-42801460-G-A",0.103400259987355,0.0830773163432567,0.0873580573647678,0.103107852445293,0.13785803420557,0.0955879481815749,0.108991053192571,0.070222663179953,0.0853942215116113
"21-43101791-G-A",0.0336664504331532,0.0304008950155241,0.0228455831192477,0.0286818811284434,0.0298923942313565,0.0247699557041047,0.0288344928436663,0.0468355158088336,0.036357146741422
"22-19049947-T-TCCTC",0,0.0605563714182628,0.0643791012147002,0.0149902127124402,0.121416698777453,0.104989791011158,0.0522586869914107,0.0817253647924793,0.0681504342276714
"22-35279008-G-A",0.0724306800011589,0.0721990071931211,0.0708574316728224,0.079956036266757,0.029694503313814,0.0199840191744358,0.0819596014622824,0.0522708373489317,0.0457355183236888
"22-46947808-G-A",0.0422061032249591,0.0574795162093283,0.0403287496422586,0.028729188228633,0.0798374359837444,0.078365462265142,0.0390356796424299,0.0480029914375183,0.0517022485943211
"3-111155080-C-T",0.0140980307836101,0.0157661256613467,0.0179988913024426,0.0223041942360673,0.0178429242524063,0.0248501308207518,0.0280754182859051,0.0164155153980254,0.0162024340314558
"3-112163628-C-T",0.139149196398482,0.168977805015966,0.209243487659344,0.161064840511589,0.19810114162665,0.207538268396429,0.106641445232011,0.183564948413838,0.178385546668163
"3-152697890-C-T",0.49968766264521,0.505629863850525,0.515938691142056,0.510072495231732,0.511715905623379,0.521832139552259,0.493188063860739,0.237380560325777,0.329976996096437
"3-162456631-G-A",0.0274192795459596,0.0756756106427378,0.0673548174028499,0.0133120510638479,0.0469256575021319,0.0372772142518045,0.0415189724959384,0.0408544922692413,0.0358598040277823
"3-184022071-G-A",0.0973285513911584,0.148839032139085,0.164115440979307,0.0713412681919187,0.157055177475154,0.161365629154325,0.0910006935861904,0.0968700021161252,0.100840672031876
"3-23502134-AGAAAG-A",0.0215832923650858,0,0,0,0.0120090341918466,0.0172336965564645,0.012953194003771,0,0
"3-34583283-C-T",0.141394254504734,0.111615993948846,0.0685856592676792,0.160513808022544,0.105836747443945,0.09351575678423,0.108396804533799,0.114411510376945,0.112825177076946
"3-36132231-T-G",0.0536146901668834,0.0432806313879232,0,0.0853620117996591,0,0,0.0850294332496273,0.066245365657691,0.0748398004578759
"3-53696469-T-C",0.0563354883492422,0.0497134203024812,0.0480796509115314,0.0494065678869333,0.0521157306647048,0.0463355798713565,0.0372937070314101,0.0465006264911764,0.0523208949377263
"3-6341933-TATC-T",0.00998851979955449,0.0231579118433392,0,0.0101534616513362,0.0248461583394129,0.0118837279968431,0.0101268743572619,0.0442907659460879,0.0738548945875996
"3-83951534-A-G",0.0315844473157549,0.0452314747402207,0.023637623692038,0.0373404768349593,0.0388320965291816,0.034716781409194,0.0332031476178571,0.0256372802384873,0.0361099542252456
"3-84719043-C-T",0.12477383065866,0.157297181666556,0.182909766159587,0.192279126563724,0.156612061355058,0.16761284702368,0.134755834809659,0.120824418666035,0.130036415295138
"3-94668508-A-C",0.0741619848709566,0.0850348523534191,0.0488726409338306,0.0601687089090165,0.101116157189504,0.100311635909755,0.0853237351425953,0.0667971299356134,0.0988348441477195
"3-96090255-C-T",0.00862165080240073,0.0263094133109657,0.0149900723644992,0.0125019535828829,0.0206328153530058,0.0256844850377044,0.025549848877083,0.0195456775220618,0.0230510222778787
"4-130387276-A-G",0.0431794133587129,0.0506960891780019,0.0393201344687986,0.0487529933050301,0.0456308729762319,0.0460362341521011,0.0433632620179419,0.0511824907088716,0.0312617441471319
"4-149096018-G-A",0.0478821633458577,0.0949992452420456,0.105979943427215,0.0454282722333932,0.108873203513548,0.102800932408685,0.0621144971384497,0.0697538098447683,0.0658455932534707
"4-149368759-C-T",0.137580289291405,0.180622535088377,0.182461589965058,0.1030805989909,0.105576357488773,0.130666057205379,0.0930091476726698,0.108089579409485,0.106356253533697
"4-159172058-G-A",0.0182767208704581,0.0112091001028727,0.0180647517305218,0.0258803470681335,0.0104042557948528,0,0.0110096376512636,0.0196593073809878,0.0175108792772515
"4-181698552-T-C",0.0449653635599238,0.0405831767549089,0.0339183400258046,0.0380803887753361,0.0357391592767072,0.0170054255962859,0.0470464530781364,0.0292993340011527,0.0255619197781086
"4-184808022-A-G",0.0199343249134655,0.0400849759012734,0.0272223146438177,0.0546546645122004,0.0867587409205808,0.0734324090374252,0.0240451317864385,0.0256903367059678,0.0305028669805798
"4-189162568-G-A",0.0798454609975293,0.0266585058053731,0.0250715954467964,0.0662318997145561,0.0537062137187522,0.036738396976329,0.0589280604117217,0.0529219065163872,0.0313441563987751
"4-28629401-C-T",0.0226440891852342,0.017569564951772,0,0.0196798544011038,0.0107632712227404,0,0.0167978285170849,0.0268971769868277,0.0162104151333789
"4-55310609-G-A",0.0173063227046904,0.0184625248205735,0.00776852818589307,0.0145049452161945,0.0196006854087513,0.0192426334858498,0.00835657838081095,0.0241498248348206,0.017522300366448
"4-55312148-T-C",0.0324340435133215,0.0442822413354861,0.0336863579148214,0.037462740636957,0.0382173357483746,0.0445609108394191,0.0306018909492644,0.0293402416778235,0.0399137611779012
"4-66130457-C-T",0.06572636766863,0.0311932811237015,0.0211912289289507,0.0548625645599894,0.0519875244910036,0.0509647191437626,0.056367626892023,0.0525105031510504,0.0345894847598158
"4-67714666-G-A",0.0399078748001829,0.0247243533825904,0.0394636167777401,0.0293648083947732,0.0317340407987689,0.0256635325803084,0.0359783619242429,0.0239100379629538,0.0247741904135886
"4-71105167-A-T",0.0107663898364363,0.011131054940624,0,0,0.0139556773736444,0,0,0.0275019660311258,0.0134742013909074
"4-83599250-T-C",0.054588096274091,0.0565894409166064,0.0438845599041149,0.0519234985443984,0.0513302849752589,0.0493503829974711,0.0475980654423871,0.0385185607885672,0.0367446697752183
"4-93868224-A-C",0.0950793066724613,0.0978789659263057,0.0293525775385439,0.0774051218760307,0.0728631133050677,0.0716707929937383,0.097482222193042,0.0991828534520332,0.1006627814379
"5-109537368-T-C",0.0239574346492984,0.0308659197449429,0.0291286161363254,0.0350634455358811,0.023973930537656,0.0325242667351204,0.0221033835317912,0.0236646346629642,0.02344752000229
"5-146867769-A-G",0.050366490434625,0.0474083513102967,0.0432877448819455,0.0371533053463553,0.0389867520715331,0.0366535687499156,0.0346444807726945,0.0476478683495536,0.0428113929202731
"5-160411647-T-G",0.069150394664431,0.0973747934399427,0.113540726484074,0.0846971141643928,0.128847365369699,0.13418904637676,0.0930203901848535,0.0861407714187559,0.10319203613358
"5-172837236-C-T",0.0243975018237133,0.0167565082873657,0.0287276357763358,0.0365094287633426,0.0225017580185205,0.0251617118698799,0.0293504703144816,0.0193637065371959,0.0181289566988936
"5-44770209-G-A",0.014336027432225,0.0138179905754704,0.0166343534755829,0.0118912873538624,0.0154713701280436,0.018160218865371,0.03343378559521,0.00705117629602039,0
"5-72392587-A-G",0.0529525877418638,0.0467301199238066,0.0555486981148634,0.0446639713127743,0.0465560437159299,0.0481683050859088,0.0489357076107344,0.0412910806121512,0.0402201572899864
"5-85460580-G-T",0.0140852055918903,0.0220454782306918,0.0201517088743951,0.0252056345932368,0.0181503448711729,0.0252236693939176,0.0174723028722755,0.018287312293418,0.0182781455671022
"6-101898717-G-A",0.0164480506856893,0.0321835601550873,0.0131996668446132,0.0170391298543034,0.0153483308638511,0.0129608074523503,0.00992925781224165,0.0228727909167241,0.0112501669959058
"6-110014503-C-T",0.00827067902953253,0.0167747695909484,0.0111785933687212,0.0120530051360789,0.0135122797970264,0.0107205092448606,0,0.00767393946530351,0.0172614026571191
"6-121420086-C-T",0.0786033695366627,0.0731005941607212,0.0796929077594046,0.0921753291364671,0.063675983032806,0.0515847834951201,0.0899952958233925,0.0705921596369292,0.0712597432091021
"6-122610884-C-T",0.02272653905694,0.0666625518213295,0.0712991266398827,0.0469471003012992,0.0533563495956789,0.0157615554858929,0.0610702228288276,0.0603299866642484,0.0488910261016262
"6-125153224-A-C",0.0433507054300938,0.0377224223175,0.032763902124789,0.0424578373043643,0.0506084280577088,0.0478803337922073,0.0336019785427466,0.0237181016103379,0.0213768279639533
"6-125153225-G-T",0.0469892853150866,0.0407593754616846,0.0345238339879863,0.0438555365936235,0.0496521024619361,0.0524142418360959,0.0354129319059446,0.0251727817926628,0.0276099860185827
"6-131367555-G-A",0.0186573983148472,0.0190174565282241,0.0216371161203958,0.0166658951153079,0.0213565058489271,0.014028957596691,0.0171372622154422,0.0138250315902333,0.00808425664746743
"6-156279892-A-G",0.0373508940416999,0.038854367010013,0.0456325784070715,0.0461378886060442,0.0543474073272123,0.0422388603095512,0.0349641800637532,0.0414048435671034,0.044479847163554
"6-164367726-C-T",0.0527841080417196,0.0724750047475444,0.0837976593928622,0.0386782967347047,0.0652734155146013,0.0657696229333769,0.0619189796293479,0.0650405569486327,0.0846419895426746
"6-27985938-C-T",0.0590808765545958,0.0888118901119686,0.0841943648052065,0.0298083522118474,0.0998441152598636,0.104753899184861,0.040699953055175,0.0392744880737249,0.033303281429909
"6-40371400-C-T",0.125367828161445,0.0987506607687125,0.121108347680556,0.103405921574961,0.0524805273088321,0.040319209364184,0.0831398390250183,0.0862178624760967,0.0790518481213801
"6-45630553-G-A",0.0122794168103151,0.0240815336090565,0.0218188206784826,0.00885371875629843,0.0278306187885667,0.0227684720124393,0.0173880176985767,0.0153275831621116,0.0505644766549122
"6-55394736-C-T",0.0142277598306118,0.0174565002303595,0.0296081695981115,0.0165424896724106,0.0194278120028798,0.0259340932657921,0.0200515318159132,0.019243821119456,0.015156735311929
"6-7569605-G-A",0.0273351847122998,0.0245084922713437,0.0263607641520403,0.0259293374798297,0.0236497396202637,0.030374992515778,0.020150247705639,0.0249036844738307,0.0298435741196169
"7-121766164-G-A",0.138546624300757,0.147756388608436,0.11835061420883,0.107858267393265,0.155533366009831,0.167579650466984,0.0959495619672621,0.0860631406761622,0.08401351045881
"7-131427177-ATTTC-A",0,0,0,0,0.00931978186746626,0,0,0,0
"7-150175576-A-C",0,0.00811187160968674,0,0.00808901598131075,0,0.0110471950037914,0,0,0.0112327647857312
"7-33765368-A-G",0.0313763537944228,0.0383670614373397,0.0300233348899535,0.0227063386617733,0.0307893992694781,0.0279191414275204,0.0360788654606123,0.0258664906371747,0.0252582886220118
"7-37910766-C-T",0.034559895601625,0.0317857911617641,0.0324919577851948,0.0127241499100481,0.0257701148213217,0.0253164556962025,0.0178379557589724,0.0246488168877509,0.0271512670264694
"7-67855805-C-T",0.0213599159138661,0.0341606780023586,0.0310507827401142,0.037156154853998,0.0250191191323526,0.0225200094728188,0.0493816623443119,0.0334368225561029,0.0577372139760658
"7-80017095-C-T",0.127825083545357,0.0478483902043977,0.0172336965564645,0.113137084989848,0.0257919628001757,0.0246071156841854,0.0745515307665263,0.0614769822271342,0.0436852028330519
"8-100847587-A-AATGTGT",0.0230683934432638,0.0509796713867551,0.0344786591427436,0.0232873216416311,0.0480047894226173,0.0431055505876495,0.0164354573151553,0.0331110398815741,0.0316645437740991
"8-126661188-T-C",0.0291523302145902,0.0273004608356684,0.0395562935559069,0.0469530141515842,0.0351364184463154,0.029820130678063,0.034905555530373,0.0200040012004001,0.0442373955203808
"8-138116363-A-G",0.04830644712997,0.0371116553539277,0.0414406544094594,0.0487697670263192,0.0461662456728705,0.0460389994351209,0.0340242710552,0.031031567920648,0.0498104582557089
"8-14166252-C-T",0.154013578157147,0.0926217135070528,0.0865576400410557,0.123733541891907,0.122798441112023,0.119873654366186,0.120376671386249,0.10783709715128,0.110734621723303
"8-144210812-G-A",0.0471205970067975,0.0262251388788688,0.0214315786212443,0.041017778583464,0.0285905306689562,0.0111838353823124,0.0240304487045036,0.0136634208511262,0.0368881972476668
"8-2211118-T-C",0.530289718233457,0.520790840341479,0.51545905918219,0.533762938035435,0.525548390148229,0.532999027066507,0.517917449432049,0.570130258469191,0.533864603271715
"8-27531157-G-A",0.0281550545147492,0.0402955094231469,0.0510064442212056,0.0520520433593355,0.067289957222213,0.10485803363294,0.0544590444509285,0.0595859991013905,0.0433930350048518
"8-72947366-G-A",0.0208969189764287,0.0295803989154981,0.0280265920161547,0.0243468319832992,0.0237496864319914,0.0293673408261862,0.022020419250124,0.0123163045857488,0.018091832009701
"8-73826564-G-A",0.018513228571109,0.0155869921597138,0.0150252825272695,0.0111015213457121,0.0175017137933842,0,0,0.010755797592938,0.00973169759406428
"8-81399897-C-T",0.0724840703557789,0.10934380823729,0.102986894598676,0.0347905015762111,0.0326925721719338,0.0282138246343439,0.0641610324020915,0.0300031880080978,0.0572285695287387
"9-133760767-C-T",0.0290864863581575,0.0287135904729186,0.0261751804784916,0.030183580537108,0.026466925246522,0.0439465683425383,0.02980629241485,0.0341779654594876,0.0321412173266613
"9-134665838-G-A",0.0157433144467317,0.0630538171876364,0.0503094906250389,0.0266429945211518,0.0292614255753003,0,0.0244181011733316,0.0291556341563716,0.0145422179601441
"9-134950488-G-T",0.0767396604857596,0.0969206324320356,0.127202178369489,0.0739529558145686,0.113137084989848,0.0933587857163115,0.0808378704549508,0.0464166896677999,0.0508586775371854
"9-1722340-A-G",0.0132163720091018,0.0408802252179572,0.029907430227729,0.0208673247629092,0.02980629241485,0.0252699347859635,0,0.0266198568749975,0.0252280837919297
"9-76576921-A-G",0.0466730121872641,0.0422954934437813,0.052264037890386,0.0425848741056102,0.0339031751810405,0.0448754830150528,0.0372911138591349,0.0376038846819418,0.0283364583873159
"9-78848802-T-G",0.017385389720371,0.0149470318888988,0.0187028638895692,0.0173788249843743,0.0135126909983106,0.00997558967141627,0.0170362448350173,0.0130844778663143,0.0200545077393207
"9-88011667-A-C",0.00922531208028885,0.0133362972843165,0.00904468256615527,0.00934620256820074,0.0151249183099066,0.0148462103760625,0.0196884346940928,0,0.00824337601746167
"9-9457115-T-A",0.066892999251383,0.0677082934049754,0.0964915440158412,0.0502889438290727,0.107711334601942,0.119550410285178,0.0323490796656008,0.0478995545721382,0.045568659539649
"X-10480747-T-A",0.0616651359907991,0.0184036958332222,0.014843484249894,0.0490778756035156,0.0146290996939042,0.0133155910322827,0.0162214306624208,0.033177032191748,0.0253940685459693
"X-117352547-A-T",0.0395395045194521,0.0237954253581977,0,0.0485456913166082,0.0169711058325533,0.0122256149237801,0.0481168065269016,0.0521251767437952,0.0100794365994307
"X-124310752-C-T",0.020957407531197,0.0267046736934966,0.0188260831574968,0.0138755123193895,0.0228959988976427,0.0193190882532806,0.0165174599244927,0.0223237366543924,0.0112278075397374
"X-130898293-A-G",0.040056117875074,0.0484217501244159,0.0384256545739609,0.0341926138254776,0.0578256915788064,0.0586243959122994,0.0568998175853131,0.0313644800555702,0.0271903819614768
"X-130898294-C-T",0.0335106643714245,0.0484463676638571,0.0264504605946974,0.0249843896331954,0.0504298216540566,0.0490739939350156,0.0515432248367042,0.0173991999161874,0.0210685898328956
"X-138175923-C-T",0.0148038530561442,0.01152474570569,0.0210061320598231,0.0189957137841628,0.0230546976023332,0.0309245485274362,0.0160035852046738,0.0182886884922471,0.0241631200661804
"X-141942973-G-A",0.0207757029785792,0.0182558973221119,0.0200272556140729,0.0133833916125543,0.0249921911602031,0.0142959293133232,0.0317616767281579,0.0212621627781281,0.0219204292137217
"X-54739596-C-G",0.0369043892539033,0.0485130295892617,0.0448516183933256,0.0566722667030349,0.0493849742159728,0.0542725354129258,0.0394284861343875,0.0574285515660683,0.0452767100878191
"X-62980946-T-C",0.0496658791928028,0.0296397377894087,0.0304519490489682,0.0369358427576559,0.0250352305819508,0.0270434938700993,0.0402286117119361,0.0271287773623795,0.0349328769214584
"X-77453233-C-T",0.0899382504215469,0.0849419459625098,0.0219027703828477,0.104087178632853,0.137116056711569,0.113485181550887,0.104310519412716,0.0970988496565659,0.114341358396396
