"","Hemisphere","Region","Organ","Cell_Type","1-106934533-C-T","1-168467950-G-A","1-169329191-G-A","1-188748555-G-A","1-221888654-T-C","1-241434408-C-T","1-31691734-G-A","1-64512024-C-T","1-98426749-G-A","10-116196503-C-T","10-133022785-C-T","10-134908190-G-A","10-71631216-G-A","10-98982494-C-CT","11-115043033-C-T","11-123516528-G-A","11-34161341-C-T","11-5470408-T-C","11-84980734-G-A","11-92861647-G-A","12-107509134-G-A","12-116308531-A-G","12-42784039-A-G","13-104815490-G-A","13-113887705-CCAG-C","13-47430361-C-T","13-66931942-G-A","13-84595018-A-G","13-95433485-C-T","13-97971976-C-T","14-38033902-G-T","14-44933484-T-C","14-48138164-C-G","14-48579727-C-T","14-57423222-C-T","14-65962309-A-C","14-78677839-C-T","14-82666170-G-A","15-65325135-G-A","16-27878380-T-C","16-28153814-G-A","16-58426889-C-A","16-69679204-G-C","16-73751747-A-G","16-78187280-G-A","16-80604095-C-T","16-83174915-T-C","17-30813389-C-G","17-32373696-G-A","18-40074413-T-C","18-56480516-G-A","18-6258630-G-A","18-65335071-G-A","18-72031228-C-T","19-31142255-G-A","19-39211568-A-G","19-47833717-G-A","19-58435948-C-A","2-101097017-C-T","2-119890951-G-A","2-139753954-C-T","2-142968696-G-T","2-143727379-C-T","2-1519264-AAC-A","2-189956910-G-A","2-194793292-CTT-C","2-209589692-G-A","2-24960206-G-A","2-49268814-A-C","2-53799113-A-T","2-8566334-G-T","2-97358394-C-T","2-99501908-C-T","20-52916352-A-C","20-56505887-G-A","21-42801460-G-A","21-43101791-G-A","22-19049947-T-TCCTC","22-35279008-G-A","22-46947808-G-A","3-112163628-C-T","3-152697890-C-T","3-162456631-G-A","3-184022071-G-A","3-23502134-AGAAAG-A","3-34583283-C-T","3-36132231-T-G","3-53696469-T-C","3-6341933-TATC-T","3-84719043-C-T","3-94668508-A-C","3-96090255-C-T","4-149096018-G-A","4-149368759-C-T","4-184808022-A-G","4-189162568-G-A","4-66130457-C-T","4-71105167-A-T","4-83599250-T-C","4-93868224-A-C","5-146867769-A-G","5-160411647-T-G","5-72392587-A-G","5-85460580-G-T","6-101898717-G-A","6-110014503-C-T","6-121420086-C-T","6-122610884-C-T","6-125153224-A-C","6-125153225-G-T","6-131367555-G-A","6-156279892-A-G","6-164367726-C-T","6-27985938-C-T","6-40371400-C-T","6-45630553-G-A","6-55394736-C-T","6-7569605-G-A","7-121766164-G-A","7-131427177-ATTTC-A","7-150175576-A-C","7-67855805-C-T","7-80017095-C-T","8-138116363-A-G","8-14166252-C-T","8-144210812-G-A","8-2211118-T-C","8-27531157-G-A","8-72947366-G-A","8-81399897-C-T","9-133760767-C-T","9-134665838-G-A","9-134950488-G-T","9-1722340-A-G","9-76576921-A-G","9-88011667-A-C","9-9457115-T-A","X-10480747-T-A","X-117352547-A-T","X-124310752-C-T","X-130898293-A-G","X-130898294-C-T","X-138175923-C-T","X-141942973-G-A","X-54739596-C-G","X-77453233-C-T"
"7614-L-9-Ins-COUPTF2","L","Ins","CTX","COUPTF2",0.078151303759439,0.0229081064496364,0.0895113072302004,0.0179585992743052,0.106902827725263,0.0127968718031256,0.033766317294642,0.0880214015825379,0.0134388695483371,0.0574978582446699,0.0694405970002217,0.0272721638040894,0.0677933643712769,0,0.016216808513684,0.244725832134927,0.107028342691878,0.0997125121141713,0.0143488120930829,0.0272934872408927,0.0560095138085097,0.0465368033501772,0.05267892725497,0.0304219896601455,0.00889741692097981,0.0271537693320852,0.0772585048532487,0.0391710337549792,0.0988921427667339,0.0585679507875842,0.0814544015563843,0.0410713749938929,0.419445956949076,0.0132065716402962,0.0236582870381977,0,0.0739482786520041,0.0645435166277641,0.0872194987740778,0.052470329858389,0.0378686468840121,0.057816113940872,0.00908865598440394,0.0316782621528642,0.276907305911586,0.0131601733574734,0.0846385361360315,0.106620553377035,0.0778212186605906,0.0410997468263393,0.0363069006705468,0.0884962682795427,0,0.0151637039262337,0.0154010275908424,0.0279443010405243,0.0826179908199646,0.0636847556419311,0.068947204454742,0.0248605505081814,0.0617229287550594,0.0426522621127114,0.0434706527254452,0,0.0182482967150453,0,0.12465051897816,0.0349998541675782,0.038263936589669,0.0775426016423156,0.0168805926227379,0.0975585164881945,0.0144510782984051,0.0513538483006802,0.128841374760691,0.103400259987355,0.0336664504331532,0,0.0724306800011589,0.0422061032249591,0.139149196398482,0.49968766264521,0.0274192795459596,0.0973285513911584,0.0215832923650858,0.141394254504734,0.0536146901668834,0.0563354883492422,0.00998851979955449,0.12477383065866,0.0741619848709566,0.00862165080240073,0.0478821633458577,0.137580289291405,0.0199343249134655,0.0798454609975293,0.06572636766863,0.0107663898364363,0.054588096274091,0.0950793066724613,0.050366490434625,0.069150394664431,0.0529525877418638,0.0140852055918903,0.0164480506856893,0.00827067902953253,0.0786033695366627,0.02272653905694,0.0433507054300938,0.0469892853150866,0.0186573983148472,0.0373508940416999,0.0527841080417196,0.0590808765545958,0.125367828161445,0.0122794168103151,0.0142277598306118,0.0273351847122998,0.138546624300757,0,0,0.0213599159138661,0.127825083545357,0.04830644712997,0.154013578157147,0.0471205970067975,0.530289718233457,0.0281550545147492,0.0208969189764287,0.0724840703557789,0.0290864863581575,0.0157433144467317,0.0767396604857596,0.0132163720091018,0.0466730121872641,0.00922531208028885,0.066892999251383,0.0616651359907991,0.0395395045194521,0.020957407531197,0.040056117875074,0.0335106643714245,0.0148038530561442,0.0207757029785792,0.0369043892539033,0.0899382504215469
"7614-L-9-Ins-DLX1","L","Ins","CTX","DLX1",0.109011445021296,0.0202159478287708,0.085973474110873,0.0874683126146123,0.0691150095073813,0.0278447007604872,0.0212679324393382,0.0406402826672789,0.0366552103097502,0.040680357389149,0.0871700980948951,0.0781418781674217,0.117305520183131,0,0.0118887659655553,0.230546544978903,0.0800453067517986,0.142067390127692,0.0347200151505553,0.0237977223100084,0.081923192051904,0.0366645166500254,0.038512847140121,0.075313336644384,0.00947622554473629,0.0673078997411349,0.125922641202665,0.0309699953182662,0.113221526740238,0.0392856046720149,0.0321135832253209,0.110880350506647,0.346802439045314,0.0258321929491932,0.0261033441047935,0.012953194003771,0.0641433193047923,0.0841922295453234,0.118197463509649,0.0538260568745364,0.062207069094599,0.102673586213049,0.00920847791236763,0.0319519803053166,0.253613025472342,0.0472856116284634,0.0958490174599228,0.0494282286135687,0.0322063127631997,0.0958811466972878,0.0934924902646448,0.123289303211369,0,0.0246872193773434,0.0255538110154145,0.0499328279132465,0.136486853598623,0.0146311873285483,0.0333370376544353,0.0245715397525247,0.0395986555692688,0.0347454092041609,0.122574297553299,0,0.021018888703981,0.0470745483608906,0.102215985694996,0.039959528173464,0.0297646731824272,0.0947088121449029,0.0559214332637763,0.132942815867801,0.0162435292576479,0.0518721978804363,0.0929171158746889,0.0830773163432567,0.0304008950155241,0.0605563714182628,0.0721990071931211,0.0574795162093283,0.168977805015966,0.505629863850525,0.0756756106427378,0.148839032139085,0,0.111615993948846,0.0432806313879232,0.0497134203024812,0.0231579118433392,0.157297181666556,0.0850348523534191,0.0263094133109657,0.0949992452420456,0.180622535088377,0.0400849759012734,0.0266585058053731,0.0311932811237015,0.011131054940624,0.0565894409166064,0.0978789659263057,0.0474083513102967,0.0973747934399427,0.0467301199238066,0.0220454782306918,0.0321835601550873,0.0167747695909484,0.0731005941607212,0.0666625518213295,0.0377224223175,0.0407593754616846,0.0190174565282241,0.038854367010013,0.0724750047475444,0.0888118901119686,0.0987506607687125,0.0240815336090565,0.0174565002303595,0.0245084922713437,0.147756388608436,0,0.00811187160968674,0.0341606780023586,0.0478483902043977,0.0371116553539277,0.0926217135070528,0.0262251388788688,0.520790840341479,0.0402955094231469,0.0295803989154981,0.10934380823729,0.0287135904729186,0.0630538171876364,0.0969206324320356,0.0408802252179572,0.0422954934437813,0.0133362972843165,0.0677082934049754,0.0184036958332222,0.0237954253581977,0.0267046736934966,0.0484217501244159,0.0484463676638571,0.01152474570569,0.0182558973221119,0.0485130295892617,0.0849419459625098
"7614-L-9-Ins-TBR1","L","Ins","CTX","TBR1",0.123208859506817,0.0203996687120702,0.0837031600561474,0.0313556494643609,0.0589483118918895,0.0300853171208453,0.0216574040912105,0.0146301433995163,0.0451854196422561,0.0300529398021466,0.0636113095695444,0.025726679508539,0.0797931712758681,0,0.0114265195031843,0.272746705359221,0.0903780075727054,0.1300981463289,0.043206858336876,0.0214078289901497,0.0592390450477518,0.0463805395924812,0.0341506334174156,0.0369574574143919,0.00893213245907578,0.029460225349196,0.121341627423472,0.0344251277468006,0.0946254977251604,0.0604784629182723,0.0169357785093756,0.0392655357831673,0.292941583588053,0.0325538601557133,0.0187706150031844,0,0.0622368723666733,0.0737048649569794,0.0779237207906526,0.0474123811287465,0.0260926787952146,0.0998816917657346,0,0.0406605822335012,0.282029777519953,0.0281897124066383,0.130783614552901,0.028238101190159,0.0200910175660926,0.086710996952412,0.108409304580315,0.0940835716493949,0,0.021355288364341,0.0259922987563671,0.0378144584753073,0.111969845509763,0.0165137058709601,0.0198175279324382,0.0265289426522875,0.0142026255980351,0.0305835981327472,0.0892875711616766,0,0.0151855429557924,0.0496531003905091,0.115856889272698,0.0308547934485219,0,0.0644015996200181,0.0618874183649944,0.113636014254232,0.0148323228127627,0.0339617805405662,0.0941763218696022,0.0873580573647678,0.0228455831192477,0.0643791012147002,0.0708574316728224,0.0403287496422586,0.209243487659344,0.515938691142056,0.0673548174028499,0.164115440979307,0,0.0685856592676792,0,0.0480796509115314,0,0.182909766159587,0.0488726409338306,0.0149900723644992,0.105979943427215,0.182461589965058,0.0272223146438177,0.0250715954467964,0.0211912289289507,0,0.0438845599041149,0.0293525775385439,0.0432877448819455,0.113540726484074,0.0555486981148634,0.0201517088743951,0.0131996668446132,0.0111785933687212,0.0796929077594046,0.0712991266398827,0.032763902124789,0.0345238339879863,0.0216371161203958,0.0456325784070715,0.0837976593928622,0.0841943648052065,0.121108347680556,0.0218188206784826,0.0296081695981115,0.0263607641520403,0.11835061420883,0,0,0.0310507827401142,0.0172336965564645,0.0414406544094594,0.0865576400410557,0.0214315786212443,0.51545905918219,0.0510064442212056,0.0280265920161547,0.102986894598676,0.0261751804784916,0.0503094906250389,0.127202178369489,0.029907430227729,0.052264037890386,0.00904468256615527,0.0964915440158412,0.014843484249894,0,0.0188260831574968,0.0384256545739609,0.0264504605946974,0.0210061320598231,0.0200272556140729,0.0448516183933256,0.0219027703828477
"7614-L-F-34-DLX1","L","F","CTX","DLX1",0.0271651774856252,0.0169476920170825,0.118614337471732,0.0386189630908995,0.107872183367343,0.0208197831963985,0.0224261851500781,0.0108490759150687,0.0167007213754049,0.0272145368806272,0.172464933230385,0.105090453663742,0.104910863632782,0,0,0.211095341361253,0.150010950104041,0.0864905322845679,0.0222071484102053,0.0263912880902489,0.0127832720172734,0.0440688305075292,0.0250039071657658,0.0387526358387697,0.0311808719234795,0.0263920540208598,0.147632737286443,0.0420284944714665,0.174487352479651,0.0221751840658793,0.0173972250159805,0.0334871695467095,0.432778669706062,0.0160692253529202,0.0241191535097474,0.0158054623633606,0.0413109749636223,0.0249653499486977,0.0431844702021345,0.0644906330933357,0.0293631204710841,0.0710669054518701,0,0.0164577004669158,0.272730822315314,0.0167702477981737,0.117123595709793,0.0569166723802928,0.0331299628562249,0.120864526357984,0.0564099816892184,0.0826851117913114,0,0,0.0228889291564849,0.0449466574975495,0.17980524233956,0.0196403396331169,0.0751482750923026,0.0254493299279644,0.030478457438965,0,0.0664724568889593,0,0.011569394543727,0.0273558577801101,0.0480847036834345,0.0244280560020275,0,0,0.0145547918533191,0.0688972818261938,0,0,0.0573703460973848,0.0678660289596464,0.024059355468124,0.0247378466529252,0.0348106629073724,0.018126176823588,0.18441661076368,0.217097754442253,0.0469737302409008,0.102218528560432,0.0234232079686692,0.136314431092101,0.0708557588828491,0.0486005036061434,0,0.089812439301717,0.093928880655713,0.0122734037232784,0.0546401288726344,0.148873465028552,0.0396081207235631,0.0908003456957342,0.082196022610148,0,0.0434299945792983,0.147708616423869,0.0487302096104377,0.0614414028007507,0.0452513174587623,0.0222728749920781,0,0.0169815023596866,0.0845373860878703,0.113814440182807,0.0450748935855209,0.043662988134014,0.019427550121353,0.0165047065755392,0.050742792854886,0.0335767138936537,0.0335781699207959,0.0174620883968251,0.0113709805357748,0.0180236264360966,0.0963982509974774,0,0.0148642405581566,0.021384321118136,0.0402628347338076,0.0342963548055825,0.0404061017820884,0.152141473589971,0.523776523680042,0.0248451997499977,0.0121680075873878,0.142868577374539,0.0215715718687748,0.0285507190073619,0.0420860009027536,0,0.0310985206785561,0.0257549701540081,0.0879554225263658,0.132938600078241,0.00752816568289807,0,0.0285539519084182,0.0221304301424702,0.0187284308301824,0.02132201008823,0.0436526167918428,0.043628272566087
"7614-L-F-COUPTF2","L","F","CTX","COUPTF2",0.059652050298988,0.00869992918286468,0.0907660860940024,0.0232999606230998,0.149733425075468,0.027325566385873,0.0232171300362997,0.0778643418310333,0.0145981512612067,0.0624773016153764,0.139651128906019,0.0246471233776343,0.0182034947511318,0,0.0272044645101424,0.248903791965656,0.145329154731661,0.105418778694013,0.0292806625000523,0.0227018802097436,0.0575155334061399,0.0395678333474282,0.0262302936973714,0.019803921663802,0.0097865349660197,0.0197526649377248,0.13842987586523,0.0416089165811629,0.11566815830069,0.0151021911470907,0.0174104037354039,0.0355371921053431,0.358711841512234,0.0170087050150024,0.0273230162886825,0,0.0975087838040482,0.106040047711154,0.142478100009457,0.0629289686584702,0.0117330813615983,0.0341079805667562,0,0.0740764934908622,0.295845543413689,0.020727892860286,0.0719169647618804,0.145453883750612,0.0772513690512371,0.0302238376149068,0.0279617744210284,0.0639024219537176,0,0,0.0159739517488028,0.0362077038073894,0.130711819552302,0.00932951108998593,0.0325817606225537,0.0350823207722812,0.0623062519967009,0.0712994532947749,0.0280883362823162,0,0,0,0.117767990060286,0.074535599249993,0,0.0726653972070554,0.0140914972193885,0.0710730946010612,0.0144639213535093,0.0498238519030056,0.0992827902986338,0.0930388318791023,0.0224941663320633,0,0.114519666862774,0.0555028712804946,0.0902834062237564,0.488747256031874,0.0772832209844659,0.1183580191185,0,0.133414717001072,0.00952986215201744,0.0377874513595122,0,0.103075822282599,0.0844436501516472,0.0197372692495417,0.0462763164256721,0.108895190713099,0.0534025176397759,0.0257269497907751,0.0674894794648207,0.0113842360062197,0.0579284446363492,0.0836196327452086,0.0483933918495827,0.0729874548100853,0.0555555555555556,0.0226757952597539,0.0175465601585899,0.00906137668899129,0.0974960238785218,0.0628280862437543,0.0386780044999188,0.0386701166636994,0,0.0465788534205168,0.0708848223818423,0.0214323989844524,0.112030308701351,0.0134613766671182,0.0176984220347899,0.0197588333085325,0.0888633928741548,0.0101534616513362,0.00963902995370322,0.0272830368614422,0.0537710518953665,0.042327054893919,0.104325955606419,0.0456663853625993,0.521600381985732,0.0235193225930552,0.0208450982105045,0.0485021634028954,0.0109408928439213,0.0213297691896834,0.0774023037136743,0.0196078431372549,0.0412247012712229,0.0505448354151786,0.0134267504462704,0.0560029682359768,0.108539677172317,0.0103745381001837,0.040668854308199,0.0358846980287171,0.0213346229317396,0.025568284996193,0.047496426028407,0.112716822315097
"7614-L-F-TBR1","L","F","CTX","TBR1",0.0260490230289912,0.025615775978928,0.109840635455262,0.0276936186638658,0.0889182110312974,0.0210524649593854,0.0251450018463975,0.0158830234497449,0.0779640319286757,0.027972711943223,0.121730126320212,0.0368604890387242,0.0972803133929342,0,0.0318869380387732,0.216240400060266,0.152211619784559,0.0846364211331916,0.0305685113933009,0.0619248138753608,0.0526688424453027,0.0425842612104639,0.0457816669252489,0.0469373282703753,0.0470464530781364,0.0155614931097507,0.186910990255704,0.0412301599580937,0.149989483697906,0.0368758014652019,0.0203531375253326,0.0437548429264122,0.430739884287596,0.0211680427181694,0.0146254484825426,0.00967098088642766,0.0174607573942395,0.0934668395390589,0.0179856890849674,0.050195146970416,0.0100922612942881,0.0939235822674644,0.010881785804057,0.0426014322842305,0.266186255531472,0.0238305476757035,0.13217766791937,0.0120815600330902,0.0159373933879106,0.109148327521415,0.0674422849028778,0.0641693551189854,0,0.012977713690461,0.0228277187220526,0.0413449115297362,0.185537000105285,0.0105851224804993,0.123912593018875,0.0368705095605999,0.0148966407145618,0.00883262650614388,0.0755928946018454,0.00725629030200177,0.0204362707633511,0.0275324385558566,0.0366679398811284,0.0559629424163528,0.0320030724424389,0.118270918982248,0.011973686801785,0.0675029647223396,0.0220290681761724,0.102414242156178,0.047885823082428,0.0904217928871731,0.0209162101624503,0,0.0404418825406523,0.0378695519988439,0.134746121018065,0.540721359345598,0.102565321236788,0.0792342898165159,0,0.14168928452847,0.0620781347530205,0.0456417179009257,0,0.120551876913299,0.107242464911947,0.0108277498346164,0.0890303651826415,0.158899216576978,0.0646095738380922,0.116807305489959,0.101943185013222,0,0.0573314866218558,0.154177340704984,0.0256031790880856,0.0673258899181998,0.042962022529589,0.017494793340202,0.0285860169964646,0.0102806364856831,0.0689259878321168,0.123449596107168,0.0494343158141366,0.0502518907629606,0,0.0432843655349805,0.0407243988105001,0.0674471881785371,0.0261192046281913,0.0222552173736117,0.0280917994888249,0.0243130426953788,0.0905832776095375,0,0.00743705146635912,0.0212450189115276,0.0219121580627077,0.0369810112331075,0.0719397485307909,0.144942758913112,0.509358043177334,0.0371242478447132,0.0215093834240784,0.123303499125636,0.0264830454441312,0.0228844336385869,0.0915447030919758,0.0349998541675782,0.0425081458446247,0.0139922877108107,0.0949017846915153,0.146642394139448,0.00668780380561318,0.0534646834759141,0.0716518774169707,0.0684608090530115,0.0186533405061659,0.0116224082195485,0.0627164375845295,0.0184127407216902
"7614-L-O-COUPTF2","L","O","CTX","COUPTF2",0.0891693253357727,0.0265520518310011,0.0186452328252917,0.0155426854003043,0.0684320942622933,0.0257293827143033,0.0433413323270037,0.0954018706288644,0,0.104446593573419,0.0889085021457131,0.0182627459947815,0.0352992258001977,0,0.0214619949465163,0.236999219159488,0.0852450685822281,0.082107082725596,0.0839955238039709,0.0220041665166614,0.0303626532774437,0.0476383414278775,0.0328723946021549,0.0220906159996722,0,0.0266406307723541,0.0925141673166386,0.0440585114540748,0.122214124149713,0.0410132391597532,0.0655872853444391,0.0297460122875944,0.390070151043287,0.00981572186847253,0.0289490474744033,0,0.0979002063437293,0.0820278581100531,0.14068818305644,0.0393546284912729,0.0125898262433416,0.0515495225597383,0,0.0531719356018913,0.247757802241279,0.0133315559110321,0.135207287968345,0.0890140284885453,0.0508328567775348,0.0506759648700549,0.0695490273819553,0.0668492320472701,0,0.0186166701279886,0.0115717181041609,0.0481769042656766,0.09766112408862,0.0441229689715555,0.0647814995647007,0.0302613766334401,0.0513298824652905,0.0449113874285023,0.0591535490656892,0,0.0239196120997526,0.0102040816326531,0.126527262218938,0.0596782319988878,0,0.0522055024889175,0.0494141072294662,0.101590738829861,0.0191238034550745,0.0284808985705755,0.148105264552792,0.103107852445293,0.0286818811284434,0.0149902127124402,0.079956036266757,0.028729188228633,0.161064840511589,0.510072495231732,0.0133120510638479,0.0713412681919187,0,0.160513808022544,0.0853620117996591,0.0494065678869333,0.0101534616513362,0.192279126563724,0.0601687089090165,0.0125019535828829,0.0454282722333932,0.1030805989909,0.0546546645122004,0.0662318997145561,0.0548625645599894,0,0.0519234985443984,0.0774051218760307,0.0371533053463553,0.0846971141643928,0.0446639713127743,0.0252056345932368,0.0170391298543034,0.0120530051360789,0.0921753291364671,0.0469471003012992,0.0424578373043643,0.0438555365936235,0.0166658951153079,0.0461378886060442,0.0386782967347047,0.0298083522118474,0.103405921574961,0.00885371875629843,0.0165424896724106,0.0259293374798297,0.107858267393265,0,0.00808901598131075,0.037156154853998,0.113137084989848,0.0487697670263192,0.123733541891907,0.041017778583464,0.533762938035435,0.0520520433593355,0.0243468319832992,0.0347905015762111,0.030183580537108,0.0266429945211518,0.0739529558145686,0.0208673247629092,0.0425848741056102,0.00934620256820074,0.0502889438290727,0.0490778756035156,0.0485456913166082,0.0138755123193895,0.0341926138254776,0.0249843896331954,0.0189957137841628,0.0133833916125543,0.0566722667030349,0.104087178632853
"7614-L-O-DLX1","L","O","CTX","DLX1",0.0620299252308056,0.0170502715312884,0.0816219002615802,0.0743560457658078,0.0703873600668223,0.0240449580116414,0.022809896167308,0.0442612215730165,0.0153718865475336,0.0185222241809666,0.0842064100854479,0.0617911259897266,0.0879205516982693,0,0.0334491606038468,0.275748256953556,0.0986904655305798,0.158632412009149,0.0908013352695453,0.0156259537616368,0.0201510269560871,0.0519349144004577,0.0320987593166521,0.0274493341146805,0,0.0490486886395286,0.0802945125015656,0.0437985374817553,0.135200990468057,0.0755452970142098,0.119826101815865,0.0581577048871601,0.332877292206403,0.0171821052212236,0.0169667083501499,0,0.0321985546035497,0.0500489849352774,0.0501459490557458,0.0430087476202214,0.136237129598993,0.093113692229654,0.0148098045716019,0.0454024604764502,0.290509408576019,0.030230514501574,0.171734899618271,0.0524207882973512,0.0259286331414375,0.0750871408182043,0.0517960412455647,0.139369800872334,0,0,0.0184710715573377,0.0315675815873586,0.103422565956223,0.0533066237028055,0.0523201541231329,0.0342513962009945,0.0205681218190607,0.0187218652100577,0.0554650969033821,0.00771126695072683,0.00984088008170462,0,0.0579284446363492,0.0872581249441765,0.0272417882641598,0.106527333507373,0.0760154769652158,0.130156473229983,0,0.0771966395356048,0.127197546872198,0.13785803420557,0.0298923942313565,0.121416698777453,0.029694503313814,0.0798374359837444,0.19810114162665,0.511715905623379,0.0469256575021319,0.157055177475154,0.0120090341918466,0.105836747443945,0,0.0521157306647048,0.0248461583394129,0.156612061355058,0.101116157189504,0.0206328153530058,0.108873203513548,0.105576357488773,0.0867587409205808,0.0537062137187522,0.0519875244910036,0.0139556773736444,0.0513302849752589,0.0728631133050677,0.0389867520715331,0.128847365369699,0.0465560437159299,0.0181503448711729,0.0153483308638511,0.0135122797970264,0.063675983032806,0.0533563495956789,0.0506084280577088,0.0496521024619361,0.0213565058489271,0.0543474073272123,0.0652734155146013,0.0998441152598636,0.0524805273088321,0.0278306187885667,0.0194278120028798,0.0236497396202637,0.155533366009831,0.00931978186746626,0,0.0250191191323526,0.0257919628001757,0.0461662456728705,0.122798441112023,0.0285905306689562,0.525548390148229,0.067289957222213,0.0237496864319914,0.0326925721719338,0.026466925246522,0.0292614255753003,0.113137084989848,0.02980629241485,0.0339031751810405,0.0151249183099066,0.107711334601942,0.0146290996939042,0.0169711058325533,0.0228959988976427,0.0578256915788064,0.0504298216540566,0.0230546976023332,0.0249921911602031,0.0493849742159728,0.137116056711569
"7614-L-O-TBR1","L","O","CTX","TBR1",0.0507117909366507,0.0182706187988828,0.0758479558848393,0.0434065229712982,0.0709287376032914,0.0192165610506022,0.0517953979243671,0.0160602425339779,0.0269414160811239,0.0286299167156934,0.0515330052918072,0.0691998321807248,0.0518765359016039,0,0.023492049286747,0.292740572604006,0.0740571447916968,0.151861036678367,0.11178821129102,0.0208152723560907,0.0144677052440524,0.0650256088762355,0.045474975382969,0.0297692889338983,0,0.0308901031607608,0.0643036955881368,0.0451805179433904,0.129272630797305,0.10871772562692,0.114619186700196,0.0559385132046968,0.338040976531862,0.0268148557911827,0.0108644320103908,0,0.0192977927240908,0.0234758601529334,0.0449306422975052,0.0446133367846332,0.104880884817015,0.0864170777019976,0,0.0420331351709199,0.29051869854818,0.0254427393982856,0.185617298527387,0.0463639199124433,0.0275397461590676,0.0622480016617344,0.0302015123282586,0.128098658889414,0,0,0.0234532514910097,0.0649569802461631,0.0629103722797274,0.058204081260098,0.0494166211107401,0.0323106415052778,0.0254369768830195,0,0.0315625781780026,0.0102700587197421,0.0240261546922062,0,0.0241051348200948,0.0524651376970949,0,0.109239069129793,0.0782061887005775,0.135912233642158,0,0.0574406006326955,0.102447676874115,0.0955879481815749,0.0247699557041047,0.104989791011158,0.0199840191744358,0.078365462265142,0.207538268396429,0.521832139552259,0.0372772142518045,0.161365629154325,0.0172336965564645,0.09351575678423,0,0.0463355798713565,0.0118837279968431,0.16761284702368,0.100311635909755,0.0256844850377044,0.102800932408685,0.130666057205379,0.0734324090374252,0.036738396976329,0.0509647191437626,0,0.0493503829974711,0.0716707929937383,0.0366535687499156,0.13418904637676,0.0481683050859088,0.0252236693939176,0.0129608074523503,0.0107205092448606,0.0515847834951201,0.0157615554858929,0.0478803337922073,0.0524142418360959,0.014028957596691,0.0422388603095512,0.0657696229333769,0.104753899184861,0.040319209364184,0.0227684720124393,0.0259340932657921,0.030374992515778,0.167579650466984,0,0.0110471950037914,0.0225200094728188,0.0246071156841854,0.0460389994351209,0.119873654366186,0.0111838353823124,0.532999027066507,0.10485803363294,0.0293673408261862,0.0282138246343439,0.0439465683425383,0,0.0933587857163115,0.0252699347859635,0.0448754830150528,0.0148462103760625,0.119550410285178,0.0133155910322827,0.0122256149237801,0.0193190882532806,0.0586243959122994,0.0490739939350156,0.0309245485274362,0.0142959293133232,0.0542725354129258,0.113485181550887
"7614-L-PF-COUPTF2","L","PF","CTX","COUPTF2",0.108480423310034,0.020443671806033,0.0746454528088682,0.0300127581338867,0.111538726886626,0.0287020565939745,0.0192139005211042,0.0754800157170975,0.0153483308638511,0.0898246049682475,0.109595668085463,0.0276065664506413,0.0278864728687993,0,0.0188729642624954,0.250275178949567,0.128774302338621,0.112931101193352,0.0251021856169403,0.0190883496883312,0.0914156257753314,0.0350592124236729,0.0668006935781745,0.0324665057558481,0,0.032328787506992,0.12383986450093,0.0347293409928703,0.134274420833412,0.0240201469403355,0.04058874792341,0.0459491498963759,0.388580924513883,0.0254287515062861,0.0270555887023834,0.0122260717767884,0.117631053198621,0.0485406128435006,0.149369863860256,0.0565893467276343,0.0182407055933245,0.0270220928367482,0.010135192974011,0.0440367713775077,0.24752383260754,0.0296782511398879,0.0683890351856954,0.0954882614038512,0.0980834232614893,0.0360287263469132,0.0600425066662485,0.0906852624107779,0,0.0380721083297392,0.0170103454359943,0.0499013344834889,0.122753403325182,0.0310985206785561,0.0978101987120808,0.0332816021563156,0.0608813926194216,0.0340777100548238,0.0734161261089704,0,0.0339740282890045,0.0245692088186151,0.127201787379387,0.0199310251294775,0.0150584650484209,0.11634594543263,0.0305441419328485,0.0956781877228478,0.0338037557213884,0.0618734970672504,0.1169639559942,0.0620041199661834,0.0276236770086195,0.0273336850842309,0.0866308666389332,0.0341129416073245,0.133395655841535,0.525297175062054,0.0101839541745905,0.134260264560288,0,0.121465959073337,0.0847729557487714,0.0413373412812923,0,0.144220632461938,0.107502391164338,0.0189481977509039,0.0439014727325313,0.0715372808504799,0.0392081498688912,0.114165457037519,0.0673817120529209,0.0121232161242218,0.0481289089737404,0.092439356564357,0.0264319745396066,0.0766424174356207,0.045479851204164,0,0,0.0186858773187984,0.0739327595481689,0.0566791019078525,0.0441775837962372,0.0458246113485945,0.0103672876627579,0.0436768683480322,0.0539384408000926,0.0575980515731539,0.148732014446158,0.0233263580672975,0.0199426476435951,0.0183056871973669,0.0902200610702174,0,0,0.0199950018742191,0.097447331769297,0.0372607433341777,0.121288082942465,0.0737244928681763,0.515571322129003,0.0396741785136292,0.0296921232790797,0.052032075520325,0.0201343415521724,0.0233392726373009,0.0858591571807857,0.0347188737268943,0.0367359179185323,0.0145018944336987,0.0279072786092974,0.0481009254206022,0.0300316654491843,0.0451041133331397,0.0675359871454716,0.0654572362420921,0.0209764566513563,0.0174156836153541,0.0538381902058165,0.121881863412216
"7614-L-PF-DLX1","L","PF","CTX","DLX1",0.1138989594903,0.0225046068832554,0.0895622151039798,0.151522881682832,0.076696498884737,0.0484786165563719,0.0325214000243718,0.0467780269724987,0,0.0397255180034417,0.0666666666666667,0.0646575750139839,0.0595154651085134,0,0,0.202244109508157,0.10519695048024,0.143768186114254,0.0526558947624551,0.0855607633012415,0.0869154560831264,0,0.0613139339484966,0.066519010523774,0.0806696485110067,0.103142124625879,0.101164775871784,0,0.132180697895711,0,0,0.131306432859722,0.404519917477946,0.0547996624351191,0.0149154084910894,0,0.0514950323993972,0.0705053365746256,0.102523435028166,0.082107082725596,0.0143219302565157,0.0325990683319404,0,0.0885036619147692,0.337586562230186,0.0874693809520632,0.125632559563785,0.116012715690498,0.0520755643923295,0.0807792391722019,0.163663417676994,0.0957094840834045,0.0517087689995019,0.0408930410054766,0,0.028883564343935,0.113292275819716,0,0.0479463301485384,0.0198282382684085,0.0442807442770048,0.0468807230938496,0.0616333551361366,0,0,0.0730102075405711,0,0.0872594590744725,0,0,0.0382919790533742,0.103318922988497,0,0,0.0636284762975778,0.0839603800487199,0.0277777777777778,0.010236642538758,0.0666296604652769,0.023606318840875,0.16984155512169,0.262179766105584,0,0.124842787008599,0,0.120173644471834,0.105546163233622,0.0528095126043968,0.0515026202624604,0.155699788832304,0.0570730145535349,0,0.109191364073562,0,0,0.0568076377322596,0.0942809041582063,0,0.152602985661738,0.049326362366699,0,0.0528147733019846,0.0612563891831689,0,0,0.0226107815823067,0.344827586206897,0.0497079362570262,0.306658988290475,0.308863936527923,0,0.0656532164298613,0.111111111111111,0.0512231498992579,0.102597835208515,0.0305281255436332,0,0.0186704011203735,0,0,0,0.0381523796858258,0.073543550676819,0,0.116201462917273,0.0702852339707711,0.530202021984969,0,0,0.107486154585003,0.0196380671908585,0.0292759566372463,0.097243327665263,0,0,0.24575371749616,0.0361550763031094,0.06193801042615,0.0479930304413317,0.0372161463782394,0,0,0.0182818106031783,0.0313419570403611,0.361602791675297,0.108465228909328
"7614-L-PF-TBR1","L","PF","CTX","TBR1",0.0870521250780041,0.0289873918461723,0.0715458375842505,0.158822085665862,0.0832490670303321,0.0201603069809124,0.0163956458945988,0.0211682685575997,0.0592528132984185,0.059600341436434,0.0573654408479187,0.0530379458616279,0.0607937639218414,0,0.0247600108712978,0.192921781833806,0.0954036714564618,0.151355307295888,0.0370018059377663,0.0607456739230787,0.0683253427405291,0.0485306403571746,0.11565396803212,0.0921609669515904,0.0290120034099372,0.140039546161516,0.111329222977413,0.0437156963746268,0.109592170633809,0.0121536203431162,0.0368286598311266,0.0437978642660672,0.332253568769717,0.0906461867371765,0.0165793940076968,0.0256473497317966,0.0180480718921108,0.0844637877668807,0.0628728656760371,0.0420703161911671,0.0103202526759035,0.0244875522637621,0.0103963810258634,0.0496903994999954,0.312296358208123,0.130110175617722,0.0777195164609204,0.0626016277695891,0.0546902817623229,0.0359854094903043,0.108308763951688,0.0509143649566931,0.10976425998969,0.0162342511145614,0.0241355396012739,0.044587796206771,0.138340014916423,0.0166383823486876,0.0663097649266163,0.0274288629190383,0.0475964228486955,0.00884540214976044,0.0696405935165092,0.00804387837393919,0.0341451227419372,0.0622321596732398,0.0732856818133766,0.0667450717116834,0.0104696258709398,0.0208620262782004,0.00912414835752265,0.106184065091177,0,0,0.098644724674614,0.113480361201617,0.0279586517704607,0,0.0635770177559637,0.0204102885621893,0.156274098398724,0.306620567651191,0.0136200518543601,0.105779563281103,0.0184198195824347,0.11241727381142,0.0676923290547818,0.0533448850435209,0.0666095971741125,0.160692893614145,0.0350298153987231,0.0140229791188087,0.0917091777966561,0.156822400277851,0.0512682639310071,0.0779325940769114,0.0731687532376828,0,0.0464084496773801,0.104459179775015,0.0375839603333079,0.0689128606351722,0.0525613365800097,0.0231055664404461,0.0219806764888086,0.0115060400990453,0.066657212413387,0.0392303749131152,0.0330409300227545,0.0341232840651642,0.014561734277684,0.0486724542610131,0.110084022096785,0.0634515581842776,0.0920781545066465,0.0156772360333924,0.0115283190329054,0.0229657606087313,0.120268001023172,0,0,0.0267953284928305,0.0215572462118164,0.0537538601977066,0.0875763468019421,0.0348515817749341,0.519128786952039,0.02967429124139,0.0220237249894075,0.061773657298731,0.0288702895823381,0.0373128313101089,0.0988917163448325,0.0267203990048028,0.03793055693801,0.0141313057724915,0.0107763876469123,0.0841785415192749,0.0346407149290792,0.0135044740981903,0.025070610528195,0.0319739592061535,0.0153967675313637,0.0163299316185545,0.0348578087187875,0.0730621536215225
"7614-L-T-COUPTF2","L","T","CTX","COUPTF2",0.099291499660953,0.0154115407068986,0.0134680898101553,0.0233078704446344,0.151664988434755,0.0339859118380709,0.047753590497526,0.0739262493387114,0.0097497196995879,0.0892816832369623,0.0777610973641905,0.0238675817445617,0.0889869602634769,0,0.0505519763799989,0.271973227064516,0.0977452818676612,0.0750290794034953,0.0839228264831384,0,0.0574352756914041,0.0340403958784899,0.0283501199992244,0.0223094269660798,0,0.0330469434780819,0.104369465823187,0.0498212753625046,0.109844206000952,0.0359478305447596,0.0545815534604222,0.0497660750047208,0.318793986524376,0.0164733245164463,0.0170054255962859,0.0165441875279726,0.105869308830342,0.0562286986295069,0.13538126437442,0.0491354516847521,0.0362321218772368,0.0551385794309195,0.0131635935091379,0.0357462162398538,0.271858132316221,0.0235767760538616,0.113541582584603,0.0563982293985039,0.0807004739859646,0.0818317088384971,0.0761410466572494,0.0876481177166747,0,0.0115087067529687,0.0196065868282267,0.0593610888748139,0.0889418693255611,0.0362920754977915,0.0616286354201444,0.0297044262893002,0.052034423485197,0.0431732891776346,0.0612341194595057,0,0.0220768841648161,0.0107353251117641,0.124742835877496,0.0728273056060086,0,0.0534591915855255,0.05157929370811,0.0934765429274634,0.0156173761888606,0.0393681803609898,0.121276387226505,0.108991053192571,0.0288344928436663,0.0522586869914107,0.0819596014622824,0.0390356796424299,0.106641445232011,0.493188063860739,0.0415189724959384,0.0910006935861904,0.012953194003771,0.108396804533799,0.0850294332496273,0.0372937070314101,0.0101268743572619,0.134755834809659,0.0853237351425953,0.025549848877083,0.0621144971384497,0.0930091476726698,0.0240451317864385,0.0589280604117217,0.056367626892023,0,0.0475980654423871,0.097482222193042,0.0346444807726945,0.0930203901848535,0.0489357076107344,0.0174723028722755,0.00992925781224165,0,0.0899952958233925,0.0610702228288276,0.0336019785427466,0.0354129319059446,0.0171372622154422,0.0349641800637532,0.0619189796293479,0.040699953055175,0.0831398390250183,0.0173880176985767,0.0200515318159132,0.020150247705639,0.0959495619672621,0,0,0.0493816623443119,0.0745515307665263,0.0340242710552,0.120376671386249,0.0240304487045036,0.517917449432049,0.0544590444509285,0.022020419250124,0.0641610324020915,0.02980629241485,0.0244181011733316,0.0808378704549508,0,0.0372911138591349,0.0196884346940928,0.0323490796656008,0.0162214306624208,0.0481168065269016,0.0165174599244927,0.0568998175853131,0.0515432248367042,0.0160035852046738,0.0317616767281579,0.0394284861343875,0.104310519412716
"7614-L-T-DLX1","L","T","CTX","DLX1",0.0733479539703471,0.0111079117618838,0.0693055812133058,0.163377756338745,0.0793826012528051,0.0296141968952476,0.0299098624182122,0.0592118077486252,0.0283793724936047,0.0647639822859476,0.0780076451238515,0.0632108587238614,0.0975924532516514,0,0.0515339556907245,0.235625120069315,0.119093821459987,0.104831138061853,0.0796486441243755,0.0399425241181521,0.068795716033507,0.0347827548112912,0.0387333548362199,0.056119180172109,0.00922924025252575,0.154543510963395,0.0949503409829152,0.0307013114454932,0.1210196634441,0.0528018376500941,0.0611549749008274,0.0605597363154075,0.332495955027827,0.0471008643851728,0.0305498614848302,0,0.0520474179722611,0.0526133641764657,0.0848365491201704,0.0368538132279227,0.0704916312339912,0.0447101834009895,0,0.0245464993153869,0.265320412160731,0.111087868539764,0.1423797121466,0.0799190563469279,0.0592203077774665,0.0865544679126923,0.0645980510233838,0.0796478770045593,0.081923192051904,0.0182734148228948,0.023776971820586,0.0370116605098803,0.118654740185216,0.0465059119113417,0.0497701137248398,0.0263137647928215,0.0561329859007695,0.0344150488613111,0.0616301820028095,0,0.0153380968361326,0.016252107831923,0.0598565163350717,0.0579065880526074,0,0.016658570717633,0.0645021472517519,0.0994230642950755,0.0174856530788986,0.0150764238682177,0.114050928155794,0.070222663179953,0.0468355158088336,0.0817253647924793,0.0522708373489317,0.0480029914375183,0.183564948413838,0.237380560325777,0.0408544922692413,0.0968700021161252,0,0.114411510376945,0.066245365657691,0.0465006264911764,0.0442907659460879,0.120824418666035,0.0667971299356134,0.0195456775220618,0.0697538098447683,0.108089579409485,0.0256903367059678,0.0529219065163872,0.0525105031510504,0.0275019660311258,0.0385185607885672,0.0991828534520332,0.0476478683495536,0.0861407714187559,0.0412910806121512,0.018287312293418,0.0228727909167241,0.00767393946530351,0.0705921596369292,0.0603299866642484,0.0237181016103379,0.0251727817926628,0.0138250315902333,0.0414048435671034,0.0650405569486327,0.0392744880737249,0.0862178624760967,0.0153275831621116,0.019243821119456,0.0249036844738307,0.0860631406761622,0,0,0.0334368225561029,0.0614769822271342,0.031031567920648,0.10783709715128,0.0136634208511262,0.570130258469191,0.0595859991013905,0.0123163045857488,0.0300031880080978,0.0341779654594876,0.0291556341563716,0.0464166896677999,0.0266198568749975,0.0376038846819418,0,0.0478995545721382,0.033177032191748,0.0521251767437952,0.0223237366543924,0.0313644800555702,0.0173991999161874,0.0182886884922471,0.0212621627781281,0.0574285515660683,0.0970988496565659
"7614-L-T-TBR1","L","T","CTX","TBR1",0.0548626923707205,0.00952618596638764,0.0505592446424381,0.219542296911208,0.0738964348382989,0.0252439769621776,0.0344327539348569,0.0150075056296916,0.0148746514181779,0.0199994285959172,0.100722634240659,0.0531529754571293,0.074786909202515,0,0.0353298699679734,0.263769494538857,0.0772599580869386,0.0977482751850261,0.0791766670985904,0.0207178812657587,0.0588580892273228,0.0267070545318817,0.0366527048596354,0.0424895241382515,0,0.199834915366009,0.0936062433048741,0.0343262291349906,0.111042274844065,0.0570061198691798,0.0837805811298189,0.0649867920703248,0.335667084118947,0.0131616930957264,0.0199387822227279,0,0.0458955359053694,0.0605287459153693,0.050736112997678,0.0467269313515998,0.0702000745244386,0.0556755720176497,0,0.0346098812626419,0.285241149269967,0.159167640922221,0.145732337598644,0.0292967937212772,0.0326399014015347,0.0767388297676681,0.0559135067455655,0.0921948216370493,0,0,0.0304136744078307,0.0465569731651236,0.0778521848936501,0.0278369080925007,0.0597763267563781,0.0316280483824325,0.0411860448076082,0.0282391247362453,0.0606125417833583,0,0.00924263366810797,0,0.0491655924942487,0.0642050990504197,0,0.0116169172559554,0.090714929394876,0.120036874132167,0.0184075928572645,0.0147779665173332,0.106127301110153,0.0853942215116113,0.036357146741422,0.0681504342276714,0.0457355183236888,0.0517022485943211,0.178385546668163,0.329976996096437,0.0358598040277823,0.100840672031876,0,0.112825177076946,0.0748398004578759,0.0523208949377263,0.0738548945875996,0.130036415295138,0.0988348441477195,0.0230510222778787,0.0658455932534707,0.106356253533697,0.0305028669805798,0.0313441563987751,0.0345894847598158,0.0134742013909074,0.0367446697752183,0.1006627814379,0.0428113929202731,0.10319203613358,0.0402201572899864,0.0182781455671022,0.0112501669959058,0.0172614026571191,0.0712597432091021,0.0488910261016262,0.0213768279639533,0.0276099860185827,0.00808425664746743,0.044479847163554,0.0846419895426746,0.033303281429909,0.0790518481213801,0.0505644766549122,0.015156735311929,0.0298435741196169,0.08401351045881,0,0.0112327647857312,0.0577372139760658,0.0436852028330519,0.0498104582557089,0.110734621723303,0.0368881972476668,0.533864603271715,0.0433930350048518,0.018091832009701,0.0572285695287387,0.0321412173266613,0.0145422179601441,0.0508586775371854,0.0252280837919297,0.0283364583873159,0.00824337601746167,0.045568659539649,0.0253940685459693,0.0100794365994307,0.0112278075397374,0.0271903819614768,0.0210685898328956,0.0241631200661804,0.0219204292137217,0.0452767100878191,0.114341358396396
"7614-R-5-Ins-COUPTF2","R","Ins","CTX","COUPTF2",0.0968300855208974,0.0104146892387063,0.00932099635591058,0.0302216192882765,0.122005368354314,0.0495366925208602,0.0462197259353352,0,0,0.0952757104436273,0.0519122310107726,0.0224757613221161,0.0232175472091646,0,0.0804257751222228,0.325304483382341,0.16620110054967,0.0788254419105764,0.0552277913053009,0.0438634463306512,0.0155248810944208,0.0386674884571742,0.0523822721827184,0.028088951869861,0,0.0333642404640653,0.0476928413214896,0.042259932328976,0.0830430735404858,0.114476367472406,0.0115193919396023,0.0433229370758364,0.318358882486489,0.00926521874964857,0.0556855230948888,0.0109658615826628,0.134043955135256,0.111413094072018,0.13799160835822,0.0712372774002513,0,0.03105696053138,0,0.0392837100659193,0.263963552998216,0.0130282792580616,0.0366930271649478,0.087414902947148,0.0457255449162804,0.0348218630146331,0.0233787843086396,0.0115041364807309,0,0.0748542860479579,0.0108331490209075,0.0438564152419901,0.0697836812901515,0.112356200261929,0.120963246580982,0.0328293295917821,0.0250104231816078,0.0110579964681207,0.0171530119313069,0.0580642317973208,0.0367690133467927,0,0.117407244890944,0.0359056204474504,0,0.0637713166080003,0.088331586286008,0.0251180179651664,0.0353473064932668,0.0319194094708519,0.075858260613626,0.0248567101512406,0.0668868449809527,0,0.037104963801188,0.0947959618819177,0.187839894102625,0.476000191319922,0,0.0905940661033142,0.0761552560530356,0.0579475119633645,0.0649597771623626,0.0460380211828087,0.0100432793527489,0.0638550856814101,0.113315606310561,0.0253979772586486,0.0274008597976683,0.0550154507046528,0.0277472090684211,0.147481060241556,0.132783492066333,0.0107309974732582,0.0598054212201677,0.0824747671460987,0.0462973649536213,0,0.0419379776556911,0.0688397612755518,0.0170333612806861,0,0.082039189550076,0.0216595811888176,0.0396614889769052,0.0410235912458613,0,0.0459912695630042,0.103770703174553,0.0275084687541332,0.103861201717633,0.0175533168919293,0.0451078415027921,0.0549430520131124,0.0684643104928937,0.0579513276886485,0,0.0690789623179904,0.152600582900259,0.0390474089064223,0.0534866437126407,0.0176645639726771,0.507197241562827,0.0273934052151687,0.0147420592399637,0.0239809187799566,0.0195755074135162,0.0316082927859377,0.0652800482633853,0.0528221409205323,0.0399414620853113,0,0.0190918282031096,0.017522300366448,0.0180809852910747,0.0210874751444713,0.0442557198363077,0.0336311035131287,0.0183411639647534,0.0596809051723056,0.0442460550869746,0.126770028700006
"7614-R-5-Ins-DLX1","R","Ins","CTX","DLX1",0.139253394417888,0.0180304611493655,0.0186177455833564,0.0758049638378613,0.114917098945241,0.0316112836786796,0.0293080013266443,0.0219846600590511,0.00986911521278764,0.0925386591596335,0.0868416842864843,0.024169420650911,0.0236042263073685,0.0201721986701045,0.0878814804814668,0.232083364498351,0.172619729029455,0.0385731042324694,0.0571428571428571,0.0253775230576512,0.00899551235872028,0.0508058354749882,0.0308252169163697,0.0303938732126782,0,0.0856967983560063,0.0284699311686865,0.0472581187560975,0.0779425728947031,0.0927321629242699,0.0176984220347899,0.0496715345033018,0.3445879065115,0.0136986301369863,0.0442711002075716,0.0116809358580022,0.0882487862309276,0.115531997142233,0.187418256372118,0.0555716376388438,0.0246932399162397,0.0298070146327155,0.070996507311311,0.0415765374963031,0.23037433298534,0.0701710812915114,0.0317981500374446,0.0532623641291307,0.0136253186552215,0.0333125195109271,0.0243960497211127,0.018229488098734,0,0.0782749750024952,0.0159964172037746,0.0409883495788096,0.0264767156929846,0.0662312289319595,0.11557283094224,0.0217237362651891,0.0235990870161819,0.0400343298589868,0.0173893321346597,0.0703646608399312,0.0713557965024638,0,0.186329553435647,0.0320878556008674,0,0.094184788552237,0.0824786098842322,0.0269020430523559,0.0195130463937832,0.0615679601612036,0.0298256039998953,0.0188244152874464,0.154034222025366,0,0.0432115642706277,0.0861952097360346,0.139784741135769,0.509533772069484,0.0161570778926309,0.043552738491748,0.150106028344774,0.0358309085491644,0.0873951179861189,0.0486608970059905,0.0100850734387636,0.036638459483125,0.14624151317029,0.0394684697568051,0.0217305740797321,0.079651395357039,0.0257427761425514,0.118195221821098,0.115606660509581,0.0687186782588464,0.0630603535284611,0.076798210929717,0.0666731088241602,0.0139938860074304,0.0424380789480349,0.063335620494259,0,0.00862517776135472,0.0909147832224811,0.0168037563954912,0.0506987544863231,0.0519374160220194,0.0216971303320396,0.0430364691345285,0.101011030261586,0.0314611666727943,0.166489455913028,0.0340469718267553,0.0311588476424878,0.0362624045044877,0.0285843949567438,0.0523165986510636,0.0315137922718819,0.0790395491507916,0.131125405348077,0.0471523607447167,0.0171650107997991,0.0208089621025301,0.525011601214006,0.0315806970399945,0.0261918348157848,0.0186233947834727,0.0265547821792762,0.0268535008925407,0.111869764680034,0.0413272540821959,0.0398985689365394,0.0617633701837729,0.0257826741921758,0.00927597489241881,0.0186075362758053,0.0164681115567708,0.0649865580923698,0.0568479296579663,0.0189479142968069,0.091490631838925,0.0474276440497467,0.129713628186911
"7614-R-5-Ins-TBR1","R","Ins","CTX","TBR1",0.159213310656034,0.0157008895983544,0.0195843274501857,0.046618484599416,0.130166762099093,0.0247145981373624,0.0160224043037055,0.0191413123580509,0.0173928387554121,0.126151454879219,0.0568995223660767,0.0279532763237542,0.0317065573739604,0,0.081238062992003,0.259688560479154,0.150642430938294,0.0280905525869145,0.0429563198800892,0,0.0157381143427264,0.040251960821401,0.0252769975136772,0.0179614959004604,0.0137914636570975,0.0309403334061658,0.0242450069518931,0.0491162566044833,0.0503489314008997,0.0498032507642695,0.0184052543458077,0.042635836838422,0.371866365026398,0.0143105602958786,0.0508431216868251,0.0120107664723016,0.116468527169362,0.0602976039042189,0.156502140609348,0.0449432948627864,0.0129412570738245,0.0231073655490654,0.0553110401416514,0.0238535121664348,0.202736600329243,0.0193193886939828,0.0275319168067675,0.043489680579496,0.0167804761986356,0.0347970830827827,0.0250548676000943,0.0146160721923498,0,0.0774276925227608,0.0202016766740654,0.0333859266805013,0.0293927012288622,0.0724151783007928,0.108070943005404,0.0305423610890763,0.0107551754929581,0.0366617787553384,0.0126516412220014,0.0885156543548006,0.0674605830369576,0,0.176776695296637,0.0242792836046613,0,0,0.0657327353498619,0.0193112817115419,0.0161944647062816,0,0.0230464305931724,0,0.157556121383899,0.00775683387219414,0.014402286112292,0.0739147389462113,0.183517727962952,0.410911811989102,0.0197056290025706,0.0230074030012399,0.14760627918845,0.0184792695717815,0.082246469269611,0.0590761825668591,0.0106352892187911,0.039081084807239,0.110072553862457,0.0160803018493951,0.0155781635030101,0.0642101123712973,0.0243569406953741,0.091804956407976,0.0944580504933756,0.090335168125579,0.0557211659973148,0.0580167293602733,0.0436584303797867,0,0.0457357461032594,0.0737122696753064,0.00991217079594544,0.0174807544506812,0.0939422784602042,0.021771737003592,0.0480471432441848,0.05081212982182,0.0205195670417031,0.0408973156138617,0.161697369771659,0.0208832444724167,0.147776975800996,0.0178614150712932,0.0224425843598093,0.0309557098792305,0.0246120838077338,0,0.00861045737897863,0.0578840635192145,0.1643350277136,0.0451100305351087,0.0122425526718598,0.0216899838826128,0.513706391611853,0.0282022013886022,0.0245773699910105,0.021617895263981,0.0204954182489902,0.0138395877414289,0.102359241171655,0.0149553873213188,0.0339031751810405,0.00987681418243266,0,0.0391396843832065,0.00757119641738338,0.0222233196972073,0.0337232610019304,0.0247515220444075,0.0228859318502248,0.0510581287300457,0.0475985819116494,0.111749685973079
"7614-R-F-COUPTF2","R","F","CTX","COUPTF2",0.12202907431032,0.0124232389469377,0.0151619608715781,0.0283377586423704,0.159886633073647,0.0486254957799782,0.0352324985229877,0.0203869467471833,0.00952467347895475,0.0780989074473152,0.0512854232155975,0.0305303143319883,0.0286455743141927,0,0.0577234833765261,0.299021857074855,0.150412069170254,0.0745651944861205,0.0582013297568449,0.0170300675822543,0.017025130615175,0.0542554156389611,0.0410218653538037,0.0226678319910948,0.00882711902220627,0.0363036797913392,0.0457434926341862,0.0448869304307073,0.0483314474207906,0.106895380276933,0.0158341662983656,0.0347891857229769,0.325056476120815,0.022578100080134,0.08369048175167,0,0.105121004109027,0.0993245164006875,0.113231444932954,0.0533518015504835,0.0116460294244991,0.0232881109754723,0.0125151642687884,0.0310049573138575,0.220033680316546,0.0215440203579024,0.0329800556338491,0.11050182117654,0.00887531237488973,0.0377964473009227,0.0202009896707266,0.0230184297945887,0,0.0316192635453377,0.0220019472585024,0.036916262242114,0.035824886041592,0.0751246667662223,0.158539722408756,0.0380013770160218,0.0195890238190333,0.0557027154927113,0.0193040840662261,0.0855498289548304,0.0353829928289517,0,0.135089138037753,0.0297277513233532,0.0299664563428365,0.0617492030544908,0.122665577682333,0.0126693979201741,0.0491203606126461,0.0406591418076058,0.0724151783007928,0.0247045403088301,0.0913150736363204,0,0.0493499537498619,0.123022875083241,0.186861300851283,0.501656165701877,0.0262311531293501,0.0597905563382239,0.0889805489633288,0.0396722215747369,0.0700027542609083,0.0474643143175978,0.00934212321635515,0.0184893744362806,0.13064664216782,0.0522998107103655,0.022341538085279,0.090405548964849,0.0312790321065964,0.159642431211894,0.14801226042391,0.045194817070126,0.0618832491704086,0.0797400830111937,0.055140165243192,0.0131165167156791,0.0281197829461078,0.0574756037048453,0.0129738903703371,0.00798213998728915,0.0887806018835356,0.0109850321061376,0.0292602867990326,0.0310236024278849,0.024206821336761,0.0527218598516138,0.0904616275314925,0.0265911369227135,0.127311021289135,0.0244720674805248,0.0414059733139016,0.0494402484709765,0.0724424237201176,0.0661950678453384,0.00789927859182781,0.0676496512268913,0.101712834407431,0.0353927935629831,0.0641954517127598,0.0213752000594493,0.512471726939504,0.0273153702786577,0.0469982482797546,0.0272863738721666,0.0239973124514997,0.0238704958013144,0.0803188847930668,0.0271763212599322,0.0516817395845001,0.00896473485989706,0.0140317194743822,0.0145049452161945,0.00708614189666448,0.0178422142134378,0.0424690672409698,0.0424889967745686,0.0251444719145363,0.0613115330112877,0.0443187791585419,0.122054443284985
"7614-R-F-DLX1","R","F","CTX","DLX1",0.0652431674749172,0.0281370927556548,0.0117041147196131,0.0618641489700399,0.127069300900346,0.0250086850792962,0.0281318346132992,0.0253475158162324,0.0149822191658498,0.11420505695594,0.0701705302277534,0.0340051584368676,0.0287167682335213,0,0.0493810055233308,0.288830552782933,0.18196863131171,0.0385365648184586,0.136422814324738,0.018819969800246,0.0157631872351426,0.0423536211847057,0.0350188057708782,0.0334375235107669,0.01662860301616,0.087422197776761,0.0301534188942276,0.037799447376119,0.0860462555304021,0.0466252404120157,0.0260113434191354,0.0622751629521147,0.352700425802757,0.0192549956346042,0.108303748291173,0.0177201750950965,0.0675020947559374,0.137175815292184,0.212052660684138,0.0568148244787913,0.0105999788000636,0.0245952044518379,0.00825572733354783,0.0432562350546354,0.245472452050909,0.035458130006942,0.0336705585300687,0.082939059973139,0.020678347871519,0.0304871121801999,0.0348623475944835,0.0236108047158718,0,0.0444053035786885,0.0237479005062894,0.0511891417254566,0.0365383336506568,0.0275104705201508,0.133904174202496,0.0309025810319257,0.0158087537280833,0.0750859590455786,0.0387056499858092,0.0165762048303255,0.0351347501691999,0,0.217673025739671,0.0221503275457757,0.0121527228339511,0.100838003477367,0.0419809106586461,0.0232857432147041,0.0685472725885253,0.0697015035357323,0.109870884465344,0.0175330700665222,0.108407794312285,0.00945586843090292,0.0209075732932165,0.0397839565428427,0.128672253325059,0.49353600395307,0.0184912709444764,0.0339161723734601,0.0937062445613351,0.0832286931286538,0.0338255045745869,0.0532601422254471,0.0194565785641924,0.0579399797357411,0.0849971512421208,0.0669869852464906,0.0364121034528143,0.084770939787992,0.0242332070132628,0.188870877596948,0.177685809721677,0,0.0490333994881106,0.0805051074334743,0.0568545685321228,0,0.0398367383396333,0.124352390321964,0.0148364033440272,0.0834069546114131,0.0779741433034546,0.010494098073587,0.0503694392060589,0.0513039182298585,0.0294255558639623,0.040980112133719,0.0941640409382245,0.0213939434474601,0.212099655200719,0.0220466836737912,0.0228414110087047,0.0227921152919276,0.0416470889420233,0.0307704446174183,0.019645103499869,0.0542163085251494,0.130289785713904,0.0347174788063961,0.041225285120211,0.0215529540771373,0.519235992022303,0.0291222335419647,0.108934744766802,0.0389211014394349,0.0231713778545397,0.0254685815986805,0.0498068680329506,0.0669488717805438,0.0469274035937818,0.0630449831493071,0,0.0369430434288925,0.0136351311776236,0.0191123902211349,0.0638976883217564,0.0639117408146847,0.0276712266456243,0.115365223989862,0.0493923567266316,0.141086547871365
"7614-R-F-TBR1","R","F","CTX","TBR1",0.0669804145397194,0.0242010560826653,0.0143198498523882,0.0235623732237282,0.166212326884587,0.0244649462026363,0.0252950736458007,0.0146121707235798,0.0196593073809878,0.107514964670915,0.0812960596442143,0.0240678708212808,0.0240388782663409,0,0.0426945163696112,0.297846119454428,0.174829411813503,0.0318088727320801,0.132250834311218,0.0260084107460984,0.017540620683038,0.0488347975781595,0.0320614357651188,0.0319162829063607,0,0.0252554243427423,0.0191235703275143,0.0453161149315596,0.0676316664728245,0.0284959271544727,0.0158034885310254,0.0735164950464383,0.370280904320348,0.0216236224389334,0.104458847529415,0.0112267461263642,0.0918296461919794,0.162870708317319,0.225324184247615,0.0474045463139978,0.0117704091924408,0.0274521982435979,0.03352384309328,0.0446866167983058,0.249224372658306,0.0281179302178603,0.030827939739101,0.056448247744226,0.0192571376569304,0.0407231481187684,0.0298024682101691,0.0219194261510898,0.192450089729875,0.0528727449311034,0,0.0283023905774737,0.0274430024012585,0.045501575519329,0.16774721227418,0.0307102989373947,0.0319969284422972,0.0717927320477629,0.0230632802007221,0.0129983449827683,0.0291385758707179,0,0.219194261510898,0.0246599671113761,0.0189049766339359,0.105816201046479,0,0.0242020101814369,0.0379049021789451,0.0770025894794561,0.134093655538483,0.0192201101430788,0.12902734607408,0,0.0177422412678494,0.0246744403399202,0.13254002769256,0.49227882448802,0.00840870718371436,0.0362216074232713,0.117843185267004,0.0709178243028918,0.05703845887668,0.0544846997041863,0.00880587442095434,0.0541045770049693,0.0887771873696662,0.07265098335546,0.0296798072480857,0.073340955436538,0.0219519704104029,0.182191279793772,0.187787885936465,0,0.0479463301485384,0.0753862905236967,0.0490172522071118,0,0.0442157688285382,0.109754537303991,0.00887601157624386,0.0581962994456023,0.068737948048294,0.0178604654253839,0.0445324969219348,0.0456911662384954,0.0283669135601761,0.0449345555432381,0.101966181780982,0.0190831354793502,0.223806120443917,0.0190721417223059,0.0101097816998187,0.0258809249027802,0.0200086723040716,0.0234457297736176,0,0.0502503046041368,0.117592250602123,0.0483974399814104,0.042980119129594,0.0171549048167036,0.530338845522994,0.0347539014219942,0.0969343236184514,0.027105513675443,0.0277924030500899,0.0276818266179133,0.0420060266815419,0.0796447335489896,0.0524603811424212,0.0147984488092383,0.0133380766039684,0.0545757470151165,0.013501806831423,0.0123409775083051,0.0606440414712324,0.0542725354129258,0.0105461999528056,0.103587434202943,0.052102710536109,0.115179758877349
"7614-R-O-COUPTF2","R","O","CTX","COUPTF2",0.0737441038096253,0.0194930874452424,0.0171776684306024,0.0287973198347473,0.127541011502477,0.0576390417704235,0.0266753622761092,0.0217919751662279,0.0180753231741339,0.0564384498524347,0.0457184445491274,0.0287274818278414,0.0307063714331124,0.0226884858350194,0.0981524903811177,0.309881412908592,0.128087365672775,0.095002667684826,0.043035492336095,0.0233094533758355,0.0174090845155698,0.045203789488195,0.0319688476830863,0.0329064892236551,0.012565451914945,0.0254493299279644,0.0541473653354886,0.0494322330977061,0.101564305392946,0.120159152423341,0.0111901355435757,0.0427882132995011,0.319278354428588,0.0161676327864417,0.0607419383713781,0,0.110218212710788,0.0938448317972861,0.101601354141518,0.0379806313638431,0.0173827629333619,0.0302773769394454,0.0125679326075076,0.0390434404721515,0.253368443027325,0.0304501842812666,0.0224951148726753,0.0848863801105817,0.0310809912134801,0.0375606046978231,0.0416763150786674,0.015658006052486,0.147441956154897,0.0649193269991077,0.0199866799852024,0.0553612964832455,0.0724028845280436,0.108192816853658,0.115759027820992,0.0264004836612911,0.0388582780641284,0.0275371356328606,0.0166527951148114,0.0943808981244119,0.0203247414534666,0,0.142769408928302,0.0244108248579459,0.0141097205011984,0.0700876644050463,0.145500383140075,0.030066520597183,0.0149830599896665,0.0544811699567719,0.0713417633291353,0.0185919859783757,0.102047059734338,0.00704732309822371,0.0746116313179605,0.153881912340918,0.180662189709591,0.503019643429321,0.0091592913180914,0.108526368616697,0.0590561999245161,0.0266856498807929,0.0482411134486224,0.0489228539761047,0,0.0425504398199554,0.10045263456,0.0527596142547665,0.0276521773421228,0.0715897120114272,0.0331728831437732,0.12909466367828,0.159225321137893,0.0360335989786752,0.0465771692286112,0.0750234484920533,0.0309171576772544,0.00969230711879841,0.043388133406289,0.0430205710153758,0.0164785424297252,0.0159363814577919,0.0701099795777811,0.0190582819917363,0.050815732688527,0.0570473896719858,0.0289532940263037,0.0475550638622211,0.124698318645095,0.0192076969138463,0.123532380828898,0.0248887676204565,0.0667276329955178,0.0590693112458045,0.0798056628117144,0.104195449372593,0.030788426383807,0.0776875931003613,0.0849304343117661,0.0441921188068917,0.0826756916703134,0.0232846159633847,0.512162645259891,0.0227085131097737,0.0234589871847837,0.0146051559459246,0.0288271400580839,0.0276160683893511,0.0939830174604855,0.0236139962277431,0.0404674985007063,0.0223942964511195,0,0.0128772562829072,0.0158854280860459,0.00918514164091322,0.0479814391349931,0.0434190230501669,0.0217019837333601,0.0599198132088707,0.0407854221757402,0.127830510773608
"7614-R-O-DLX1","R","O","CTX","DLX1",0.0973775633676783,0.0261137681034197,0.0191882389113334,0.0818533044827439,0.124986247868378,0.0265580336923692,0.0233225815101805,0.0233762291106092,0.0206874906017398,0.142355037662628,0.125358356072869,0.0169103339341979,0.0311236143005513,0.0461554527064391,0.0838864944777631,0.300869427620727,0.151968351713683,0.0667894743095524,0.0840398328083297,0.030067297198818,0.0145968552030286,0.0304069175787321,0.0441065200871856,0.0286322637187482,0.0090406157953953,0.0772639283140631,0.048064589168499,0.0473981559821732,0.133374696242141,0.0503063643732777,0,0.089305888228074,0.359979584362851,0.0345032779671177,0.028590285527769,0.017385389720371,0.061255447175723,0.165205032221923,0.120859246748046,0.052677595984046,0.0115041364807309,0.0273306687230263,0.101592819221789,0.0419221808150318,0.237657060456165,0.0451704569541554,0.0361994656093334,0.117277345462019,0.0320777652242194,0.0438081678634078,0.0250286951625735,0.0187399373056446,0,0.0416035148134034,0.0151802929839999,0.0479227287047513,0.0511507893045245,0.0960580284014052,0.142383085505178,0.0269234309481652,0.0137347607238388,0.0469603479649449,0.0239563434081902,0.0318313585516845,0.0869507343219528,0,0.150187852296528,0.0262664627396447,0.0139932009561017,0.103881504159666,0.0523979918769901,0,0.054374957519581,0.0720724673139078,0.0583820707941608,0,0.112861737267908,0,0.0348169379645281,0.0397697078734939,0.177506054371387,0.527032240654921,0.0175196110409212,0.0545911210587534,0.0978476573397163,0.0694696923799976,0.0381021506770578,0.0477774852153072,0.028636959456987,0.074630098401052,0.112901012966352,0.0769030774227264,0.0206967932285766,0.0504499675685097,0.0388109646875105,0.154896387934841,0.161427697096279,0.0105053840758523,0.0624086479414296,0.140765211938152,0.0560812236444698,0,0.0550655728101247,0.052523741649471,0,0.0430175032348636,0.0768287821479925,0.0320101310313388,0.0526287754435473,0.0526989977354004,0.0658355123592292,0.0457748607123174,0.104733278793392,0.0249610288149659,0.127123828451919,0.0388594338288856,0.0198732158379291,0.0334373535783155,0.0665448441534417,0.0239307964754301,0.0527665506989444,0.0989785527848864,0.192032694429086,0.046994473774807,0.0513360821689274,0.0175021605562987,0.525284179308203,0.0355870672722336,0.015625,0.0257778195315143,0.0194705880399145,0.0254875320797133,0.0439180521721773,0.0439799497133543,0.0408044319284275,0.0128173531130537,0.0273946900539497,0.00873204273576957,0.00697325654425507,0.0181623154214412,0.0564672432852141,0.0526278410418243,0.023698279401489,0.0653353171117918,0.0532053095545586,0.0728073091928634
"7614-R-O-TBR1","R","O","CTX","TBR1",0.075253229883068,0.0137037741965506,0.0135961124301992,0.029619067784871,0.122560128916021,0.033228888017745,0.0350141544150256,0.0146615588176955,0.0209849225034801,0.173680322538391,0.114180145420601,0.0236132647252964,0.023184036578726,0,0.11785857099899,0.290201927041274,0.141152238284143,0.0738364823140914,0.0857412102589153,0.0190082925924899,0.007842232781941,0.0378885744150264,0.0582584680589611,0.0329472876761763,0.00849718577324174,0.022906937758135,0.0337688039724603,0.0484047291794441,0.121951623674811,0.0300296689543788,0.0215565306779613,0.0678080823914148,0.367853871432587,0.0495055387419874,0.0497934070749462,0.0272283205642813,0.0967502651714283,0.201560658257382,0.136298308828013,0.0522758491747593,0.0168910243830136,0.0291381463611128,0.0656390716022858,0.0483039182708699,0.197732900838251,0.0235571423715773,0.0285947807850298,0.128377659382392,0.0146641859134929,0.0468093347121052,0.0227992226509565,0.0247663380149555,0.118678165819385,0.0246769444694582,0.023345631938974,0.0474312005451249,0.0428900746788645,0.0997123569658425,0.16072232339308,0.0359069063502335,0.0185375999440016,0.0180864062110292,0.027217328131091,0.0303994163368094,0.0961582914438859,0,0.129194877181255,0.0399343840306597,0.0146004850361695,0.087928575472011,0.0439278418932153,0.0252377232562534,0.0818404083238604,0.0442894293303936,0.0496335329649253,0.0161902192049093,0.0856270668815073,0,0.0439103597989225,0.0447797153427109,0.189403495771663,0.497563356047339,0.0282363102522859,0.0742685864463234,0.0886011195210782,0.0574750612339629,0.0517968063073816,0.051172824211752,0.0192535680167609,0.0720814852901338,0.102876255897364,0.0782402202696433,0.0247646503023899,0.065481739552502,0.0326846794918017,0.186020481879865,0.186010442876071,0.0260176310605575,0.0626685258605123,0.138352427697184,0.0466043863371165,0,0.0476275746220023,0.092210814322902,0.00880178025207547,0.0227822549776907,0.0922581541182646,0.014201551391204,0.0515526087692848,0.0474142335617363,0.0942878887049551,0.0472807513538459,0.13832655177472,0.0204064635057342,0.116121158847001,0.0299770575945592,0.0262185279789971,0.0240517877134126,0.065950698942907,0.0195050024555581,0.039372992455238,0.114405791004173,0.230644989432364,0.0390236164340763,0.044377532904566,0.024596775082263,0.523420874930212,0.0277563690826685,0.0195984267014541,0.0183700249801893,0.0267504538496182,0.026098799874281,0.0374754402488845,0.0343604066372025,0.0343770143371994,0.019578508641194,0,0.0120107664723016,0.0198893254889301,0.0164996509329524,0.0571350841907511,0.0460120225402384,0.0270157528469444,0.0736916791514411,0.0605385948463341,0.0752012380818851
"7614-R-P-COUPTF2","R","P","CTX","COUPTF2",0.113446725176635,0.0181764111281973,0.0148079101290523,0.0332096861161025,0.0934931994748029,0.041329775189661,0.0107082094367206,0.0216726575764384,0,0.061210190165203,0.0338513354333147,0.022020876879087,0.0243773569091862,0,0.0481210917659472,0.27639105558716,0.111927581009258,0.107363169860198,0.0807748469671489,0.0253049701733655,0.0145049452161945,0.0240146053214037,0.0430271727099259,0.0155539618361772,0,0.0235212743230775,0.0477935408663109,0.0374555479146246,0.0805732761644841,0.102696756493144,0.0209106203781694,0.0458135416336145,0.327238150806042,0.0308276580343238,0.0661500236392768,0,0.111590372199006,0.1166694848042,0.100318910400883,0.0686542639775035,0.0137153695512101,0.0317966886918231,0.0174972480451057,0.0572786163852892,0.225281203091032,0.0203457641540115,0.0240674061143149,0.0646978290692083,0.0153873471088329,0.0409845244330237,0.0245053144005293,0.0209906234836735,0,0.0281271975231506,0.0335609523972711,0.0409744885183321,0.0715433832635688,0.0951103356085402,0.14735238023159,0.0242807149552067,0.0201934372569567,0,0.0213960653686056,0.0917266639938054,0.0127411797859406,0.0168537996012726,0.112508790092603,0.0273118043366623,0,0.0413519808486781,0.190536297846505,0.0300386997549602,0.0454148644819409,0.0330085139937802,0.0720608187924298,0.0287658143082643,0.122776507791432,0,0.0619475718175906,0.15429102295189,0.18576870171643,0.468340445804754,0.0149503723810377,0.0676963286274903,0.10989920352876,0.0652378549168584,0.0569392213500843,0.0497347644134376,0.0108908168685824,0.0278086397484533,0.0905770017958753,0.0759111491978997,0.016852602895935,0.0407673770740192,0.0349879506695745,0.116817086845971,0.15140486740759,0.0124960955801015,0.0512157397500849,0.0765679212605654,0.037525556235056,0.0109566426978196,0.0449342806124194,0.0586411932525233,0,0.0134026102785132,0.0809334191827539,0.0156485772243158,0.0493526367311971,0.049326362366699,0.01558131487227,0.0354737827380302,0.0805035075695137,0.0190289301078671,0.138785641536817,0.0331745425761618,0.0504775899800965,0.060140653040586,0.0901454104693117,0.0469355562539176,0.0389110776379911,0.0464600064367762,0.125051885163078,0.0447691387939111,0.0407344084945176,0.017358739403198,0.533575311517336,0.0261676117706457,0.0129700704273494,0.0250143352371881,0.035580279994778,0.0149662703609173,0.0957561714245405,0.0238807034117024,0.0318626493938583,0,0,0,0.0225802927141026,0.0103695169473042,0.0431701129973506,0.0420290100288352,0,0.0702169937262656,0.0538665858777305,0.112876073662278
"7614-R-P-DLX1","R","P","CTX","DLX1",0.110915664854057,0,0.0182089260182308,0.10833784750436,0.0788927524557325,0.0662847879284573,0.0627867927222091,0.0348155311911395,0,0.128893050744993,0.0758370495714772,0.0275868629534123,0.0236128989995648,0.0171196739349475,0.0363696483726654,0.29724302120423,0.16460132459708,0.0895404529325727,0.0489408784232396,0.0313573622794532,0,0.0467269313515998,0.0224790059823499,0.0276078815187116,0.0390285696125482,0.0467780269724987,0.0961805271457541,0.0235833315318289,0.141441856542735,0.0398884682155026,0,0.0442373955203808,0.380954529820311,0.0263431684886916,0.0333797263040562,0,0.0643563480210216,0.109479434962116,0.188073662797027,0.0632771997168332,0,0.029074190231479,0,0,0.213931274920279,0.0989238733658996,0.030233702757845,0.0318303507039615,0.0420889437396517,0.0551317846419971,0,0.0362977004320314,0,0.0321080649533968,0,0.0480569331332213,0.104257207028537,0.0797500989208571,0.165927564724782,0,0,0,0.020716769761626,0,0,0,0.120211759208586,0.0283752176919583,0,0.0878184619667801,0.0804257751222228,0,0,0.0542725354129258,0.0756289169506147,0,0.0821821428358832,0,0.104370715180858,0.0553848775621712,0.170457296918141,0.522605934376408,0.0244851053437196,0.109622841515691,0.10489254019126,0.0828236445561349,0,0.0585456413111867,0,0.038504281432826,0.0416125189288239,0.147474673775661,0,0.0210398134365934,0.0342694925693832,0.172616660922134,0.145710063157312,0,0,0.136467878203541,0.0466760028009337,0,0.0387783367164741,0.0570916142002902,0.0380005700128253,0,0.0604122093330177,0.0209151935046053,0.0341792963512332,0.0341992784028384,0,0.0573068255061253,0.0692082494998187,0,0.118737908166899,0.0303518443289462,0.015283660642799,0.0261488180184245,0.107889812495025,0,0.0965859289380504,0.023162052730604,0.126353341501375,0.0509514867096453,0.0312652699740361,0,0.529388577942937,0.035921060405355,0.0180952873341822,0.033167906340333,0.0277670672403533,0,0,0.0518475847365212,0.0653255334464013,0.0296044623208668,0,0,0.0191424813288516,0,0.0688972818261938,0.0650256088762355,0,0,0.0330049180992224,0.0797832838023348
"7614-R-P-TBR1","R","P","CTX","TBR1",0.150256289150928,0.0173013635865571,0.0192891147840029,0.0297651440791133,0.10117237299087,0.0211062546255681,0.0205890367860634,0.0312614503820636,0.0152682135960257,0.121755869060073,0.102757632973675,0.0312382690787563,0.0233906130084592,0,0.0535934698924893,0.308318760273701,0.161862062616812,0.086326045596414,0.109981411792364,0.0243324127744636,0.0141914181114112,0.0505883490742695,0.0626477819249383,0.0220469069256955,0,0.0255488065153798,0.0702288326071088,0.0461897811793993,0.113157778590092,0.0334853642987259,0.0204622096491666,0.0848188929679971,0.368301060023265,0.051185391726381,0.0614688074135466,0.0125938192108519,0.0459183130155453,0.138647132589179,0.162273762441817,0.0559796800106819,0.0185074148617209,0.0287445852354635,0.0155404956067401,0.0366371652723656,0.220666916194096,0.029484447087147,0.0354065496224947,0.031502722239208,0.0233073428725603,0.0363696483726654,0.0310816167554526,0.0198357597808598,0,0.0230583746853629,0.0261407759398033,0.0352855720035331,0.0821917808219178,0.0439706483960306,0.204372760238271,0.024400614345487,0.0133197245669274,0.0658692400085766,0.025432115468577,0.0346797330444735,0.00980674975895561,0,0.154553639420934,0.0258494481017108,0.0156960536449337,0.0543459533754763,0.0695333986618825,0.037969740681558,0.0532075039480951,0.0395470127611389,0.0658965922718548,0.018695671611767,0.160446706862889,0,0.0227852117281491,0.0385850254952956,0.131618517800727,0.482294521099496,0.0141743005332451,0.0931690059182281,0.16175990832893,0.068725414138955,0.0182437409050342,0.0452193614769779,0.0089926021314171,0.0288187728993596,0.0475617868514202,0.140619536167581,0.0238137428877221,0.0367286294796932,0.0264004836612911,0.241176307248059,0.227617421568043,0.0146121707235798,0.052839344028274,0.105141541250472,0.0369358427576559,0.0164979667508892,0.054943324137746,0.0840472348887637,0.0158107295341687,0.0183136668752903,0.0700647602127853,0.0223707488780512,0.0475163095325465,0.0486817462328568,0.0255467221746449,0.0439480840289049,0.0686853444651909,0.0264628062012482,0.157653493135913,0.0183909309461876,0.0259599561291946,0.0230249002415652,0.0911300053183971,0.0106843460792672,0.06613784097187,0.0641760121021578,0.125994292510526,0.0382028078663052,0.0607419383713781,0.0183409068894793,0.529449016201144,0.0144805927201674,0.0225951921190644,0.0233989714038251,0.0231169188759208,0.0191926559917794,0.0265859678009457,0.0398138785794129,0.0622045617055295,0.0304060048390774,0.0202464827954687,0,0.016647794448598,0,0.0312991618755579,0.0251136170859447,0.0111705699113227,0.0945871360783735,0.0561912055907537,0.112980880600606
"7614-R-PF-COUPTF2","R","PF","CTX","COUPTF2",0.104969655694996,0.0254515778703123,0,0.018516401995451,0.150267215156135,0.0242382910806666,0.0241774925959139,0.0274322135166276,0.0250425189404468,0.0807498157360031,0.0203922446726767,0.0310348056551274,0.0260540923395585,0,0.0726269146052204,0.323267371959913,0.127829298769455,0.0861421426394788,0.040098495946991,0.012374001323053,0.0129510211959047,0.0491956171117314,0.0413112977749682,0.0238625655920066,0,0.0180657343382481,0.0794899654838136,0.0522101140787404,0.0533096454204023,0.0883043640019533,0,0.0255342268341201,0.323142464915367,0.0188914778984526,0.0807037468051445,0.0108908168685824,0.141534040642898,0.12750238571149,0.0965268243817626,0.0475304733523615,0.0118786964273577,0.0384331221012045,0.0311311542403318,0.0500940144985624,0.196579172389833,0.0244966472508456,0.0310086836473021,0.106096251116194,0.0482159769931413,0.0362283389442024,0.031920312871672,0.0202506337914725,0.147441956154897,0.0509388392384464,0.0444417012142196,0.0470211844570592,0.0940042616231259,0.117948050884931,0.134521647701673,0.0226804605813257,0,0.0571211544231055,0.0255590039747989,0.0737331962816323,0.0104177971313362,0,0.115876662885007,0.0442301830974879,0,0.0900169663348646,0.0974202095941155,0.0258241933656729,0.0182240384168967,0.0543078330961592,0.0791781177876895,0,0.0912059024243128,0,0.0802990806162163,0.0532092157635528,0.204945501038937,0.495557347931052,0.0238614333500382,0.0790981491908775,0.0436401146834627,0.0493328509700376,0.0519968941449485,0.0495833903628732,0,0.034480196275628,0.0800105095332668,0.0122646312338385,0.0200417302435895,0.0788940115467172,0.0284066837427185,0.143708334954551,0.125412739135382,0.0108122325272592,0.0559308376721747,0.070656347969935,0.0514163169178819,0.0094864535299528,0.0493168901894889,0.0352639070634734,0.00973077607542256,0.011718973523813,0.0909863792368002,0.011714952051019,0.0457229956859212,0.0403402937550546,0.016108093612007,0.0340403958784899,0.106600358177805,0.0216513117086741,0.124661471705132,0.0231798245836987,0.020285325004403,0.0839427705390884,0.0506885346499899,0.078752830230693,0,0.083525692931044,0.10508814848403,0.0334981276465671,0.074224340477438,0.0181683095851098,0.52309555596762,0.0342460398171631,0.0250846291833917,0.0217297189997908,0.0206328153530058,0.0157910047422737,0.0776296679652776,0.0382534365382691,0.0378900578853745,0.0130990629265562,0.0139713322950243,0.0126486047066037,0.013082611508043,0.0166236241057194,0.0412945216127434,0.0392884969677912,0,0.0537927324651933,0.0467860258143986,0.119390165457869
"7614-R-PF-DLX1","R","PF","CTX","DLX1",0.0879598994267085,0.0215841302746059,0,0.13558153613666,0.126687754320064,0.0736010739947077,0.0213735725267969,0,0.0479463301485384,0.0577029786084615,0.0628832712225478,0,0.0316853288557914,0,0.0447437370142683,0.235113739476111,0.1176979772673,0.0807134312271262,0.0723574605292422,0,0,0,0.0389840587792726,0.0538968055636296,0.0513750225267482,0.142614806562459,0.0470013943953843,0,0.0718575757147955,0.0442373955203808,0,0.101273936708367,0.351508868094759,0.0346687622640769,0.0597739893468555,0,0.0828937658849545,0.0712169307517347,0.12827690890401,0.0371904001652801,0.0105013285020886,0,0,0.091516170047891,0.193770311624572,0.0480458383776462,0.0377964473009227,0.0814945778804266,0.0439193127760477,0,0.181855759204512,0.0268510806770527,0.1337102340827,0,0.0924061655450546,0,0.0485929530749863,0.0858875501867775,0.172070930045058,0.0326294233073665,0,0.0629386018722517,0,0.0623985224204834,0.0504433272305318,0,0.147441956154897,0,0,0,0.035533452725935,0.0262341618066702,0,0.0733235575106767,0.078086880944303,0.0266595583987364,0.163745114591021,0.0085601505777971,0.0700892014657919,0.0271019186880241,0.163420413210853,0.19586518668589,0,0.0962807790398192,0.17463559859131,0.0443740652325229,0.0694403229901279,0.054983431101258,0.0524142418360959,0.0565534635815558,0.101101261498861,0.0641500299099584,0.0261729888613777,0.0966736489045663,0,0.114630938573778,0,0.100758544371976,0.131448155980155,0.130327042490215,0.0740233210197605,0.0367359179185323,0.0490585249353538,0.115032665698461,0,0,0.348742916231458,0.0191179778225468,0.253528864319752,0.249922684395863,0.0407569572969611,0,0.0535287727572189,0.036429932929823,0.163777699806468,0.035921060405355,0.0825187161885156,0.0649411182636925,0.14888750009564,0.0979404213748784,0,0.0467524582212185,0.0896341430088436,0,0.0478775898549122,0.0288075600957839,0.5083747958349,0.0294308653235721,0,0,0.0165725623087565,0.0244247768482437,0.0466760028009337,0,0,0.0328620389950388,0,0.0351689974226665,0,0.0340010200459023,0.0880450906325624,0.0883883476483184,0.0330301140706868,0.111005742560989,0.251400571182747,0.123560412643043
"7614-R-PF-TBR1","R","PF","CTX","TBR1",0.0903090706683421,0.0208166253003147,0.0208577903951689,0.0989818644929741,0.0949538267400669,0.0328502159908802,0.0247993175321722,0.0161521593448099,0.0148119705393754,0.0696138049003216,0.0660035843789302,0.0206468835829556,0.042455099646546,0,0.0918656265957885,0.247787251260908,0.129856898092028,0.061108198888891,0.0692926935373035,0.0260504004582072,0.0230001571682776,0.0367334393625183,0.0560210201697068,0.0226372501679947,0,0.101719842480364,0.041702882811415,0.0445040544454878,0.059725367734009,0.0583677333132994,0.0165430555661822,0.140920338820776,0.336306780906379,0.0376480458237056,0.0738069835254132,0.0339304865642908,0.074219481984942,0.119869857504872,0.147867587905084,0.0464410944008077,0.0119754038286529,0.030018617315894,0.0255933943442666,0.0290619096859548,0.251555343362448,0.0926367113173171,0.031732709309864,0.0803367428715484,0.019681378966656,0.0406299600146696,0.028158775037331,0.0246970049905799,0,0.0105432687428896,0.0305014874603688,0.0393787775058127,0.0300303459819094,0.0302844963378084,0.153048926582641,0.0305127261428486,0.0211439645977932,0.0560973798166915,0.0170592833688877,0.0998845286710017,0.0224495312530688,0,0.17837998207144,0.0241331966861976,0.0131795895491621,0,0.0520239006058855,0.0307147558416976,0.0121518255235918,0.0117638918003617,0.0798549409504691,0.019237885149322,0.163584712807418,0,0.0606287227663395,0.0556111136503623,0.140567239556966,0.355562751798218,0,0.0924636593580786,0.146913370250325,0.048602156644752,0.0619311835707912,0.0517087689995019,0.0253959296126374,0.0453954055905624,0.0920397362747378,0.0424900378230552,0.0261070638776423,0.103221344887405,0.0350105777099329,0.162623981689461,0.159984283017903,0.0508836821726877,0.0406454469449117,0.0690713719036666,0.0511690701990403,0.00902036390686124,0.045026319948328,0.105499464388694,0,0.0212158555833139,0.0699644826056827,0.0133209062840541,0.0194019369920597,0.0275423574278507,0.0471784270164491,0.0452579375037775,0.130177538287115,0.0164763055741104,0.165818586692658,0.0205066195798765,0.0793222976042312,0.0600599317812814,0.0678998498554276,0.0436383833107583,0.0360012816684415,0.0715046159209141,0.121132653592907,0.0472785495352611,0.0274027703252341,0.0253618749273092,0.54715977423329,0.0259014217680623,0.0381301851640605,0.0320010240491546,0.0214389652833149,0.0240307791085116,0.019237885149322,0.0557602998350904,0.0480111565841149,0.0124907329717835,0.0209918567390715,0.0517087689995019,0.00683410306753941,0.0136608707538939,0.0205135218417953,0.0158963963774736,0.0214892325628316,0.100396881533048,0.0361220385657584,0.128027910938459
"7614-R-T-COUPTF2","R","T","CTX","COUPTF2",0.120717009614078,0.0243869469879073,0.0189464972171109,0.0242589143250739,0.109785257457121,0.0555610875999362,0.0335475010558505,0.0199680765957718,0,0.0743579490856797,0.0443263979027898,0.0208360465368785,0.0267915884044891,0,0.105063262205182,0.320719558839717,0.147279246571227,0.0782104095597273,0.0784464540552736,0.0182894531814157,0.013201392028167,0.0377492901430697,0.0305035836883334,0.0230412299994938,0,0.0398528163672809,0.092287411588496,0.0478838267584564,0.0849980564690995,0.12111414680172,0.024774570557832,0.0457988580197128,0.310110224249686,0.0319038993733575,0.0787868784280103,0,0.0991494377708937,0.127682672820585,0.125757333838644,0.0570730145535349,0.0137386488373559,0.030182330673527,0.00942139313888538,0.0291399504291012,0.234335858966757,0.0169143650992255,0.0372014277119021,0.0674590234226564,0.0220884602918359,0.0411313401485743,0.0259011735310544,0.0218403686685347,0,0.0385443037125486,0.0245182007929463,0.0405511869949688,0.0776399347732315,0.0951651642522017,0.132641828021741,0.0361984774034008,0.0331881962463967,0.0434661792118253,0.0155292484129173,0.0166898631520281,0.055972382290076,0,0.14584430582928,0.0220406584348325,0,0.0885267789745638,0.144261606814663,0.0242298194117906,0.0317981500374446,0.0407468057029732,0.0336669804256824,0.0193058827230263,0.0407525426282394,0.0105021971582011,0.0767190666353755,0.141486595595336,0.21067334884103,0.515846955039432,0.0188704438906625,0.0259752429607517,0.0535748454434906,0.0324001777821692,0.0867695656838129,0.0499531908151406,0,0.0513496165963097,0.136914709402652,0.056158782311093,0.0230204627758065,0.0461020445557574,0.0344704645712333,0.164652851900588,0.182331516155823,0.0113504526367002,0.0582999418874798,0.0481175855761222,0.0394208263992721,0,0.0504032642210899,0.0470490565729547,0.00984374038697697,0.01243171597215,0.10459169635033,0.0206570129165089,0.0531156511195112,0.0544043276477856,0.0294867887316586,0.0464056540718429,0.130773228217207,0.0179798738057019,0.131719450717725,0.015625,0.0743894713416912,0.0870278403077959,0.101733890024377,0.0296770064295411,0,0.0695083770036692,0.0940027887907685,0.0462398391892165,0.0382275733243429,0.0215605385855312,0.517787372619715,0.0313169718797735,0.0120381491516538,0.0388877518367451,0.027212773408161,0.0246869686171123,0.0828352758069951,0.0420013440645155,0.0389115502201701,0.00974092720311339,0.0158212796926763,0,0.0324746841243431,0.0137380005891267,0.0504504595497234,0.0475988143283024,0.016658570717633,0.0904725653983521,0.0561203256794631,0.0757711841007614
"7614-R-T-DLX1","R","T","CTX","DLX1",0.0996406326289671,0.0237181657576115,0.0200771103354601,0.0894254126302691,0.08552466759178,0.0471741599504673,0.0282880432380431,0.0263462158793535,0.0160754530645622,0.106377285519079,0.0983956994147529,0.0195133559748018,0.0411107130950878,0.0193295690361848,0.0887617335531919,0.27093568759448,0.133163651720486,0.0558313424046595,0.0976543398539982,0.0281925930067248,0.017930478454664,0.0458590167978055,0.0846768686485868,0.0355376596107809,0,0.0851148331644138,0.0729324957489473,0.0413566957430379,0.0889427164514922,0.119720777596758,0.0139251997714786,0.118258033156378,0.377153313168292,0.0662266178532522,0.0546358364708153,0.0129608074523503,0.100683413092889,0.139370440186688,0.15189774006512,0.0607341398821121,0.0120665983430988,0.0345021970881498,0.0645126568451973,0.0406054752053578,0.239261200800048,0.0665960217917566,0.0409272754535029,0.0591226267899486,0.0236967268194579,0.0324064041382491,0.0309855193747633,0.0257080168704117,0,0.0858468167785698,0,0.0355110412114217,0.0759664423452645,0.0763180912070589,0.143489762211259,0.0343720031298166,0.0132031178883372,0.0490458793558331,0.0312538153958997,0.0292125779259004,0.0776540453149019,0.00908115771072059,0.147572957474524,0.0295076416244328,0.0316607923757012,0.113869807368008,0.11490274377971,0.0453250655557816,0.079329619618808,0.102098501239968,0.051317336221668,0,0.0858175371443894,0,0.0688944131978247,0.106140387253909,0.13300145250402,0.548012368773228,0.0149822191658498,0.0595411362734985,0.0839693245038158,0.0879007348949408,0.0751744045350576,0.0480947128733051,0.0266364301052242,0.0573737230223302,0.0912404175081418,0.0851282450117231,0.0283163813523767,0.0723049018962233,0.0300161380124387,0.150343669751306,0.13958396188666,0.0278007707274789,0.0520640555562704,0.0844618159365517,0.0487696094205455,0.00939640487154406,0.0484928644968872,0.151689366993553,0,0.0587258428853295,0.0680901851910459,0.0246441099550589,0.0502070076719148,0.0513828212372757,0.063462755977088,0.0372626246198164,0.0702649512575396,0.0268136508186703,0.137415609705314,0.041704393867553,0.0231452958408092,0.0332620140562731,0.0521978406327295,0.0101435321242228,0.00733827610386997,0.0761302120325985,0.119312827960033,0.0535716797897537,0.0522102458564076,0.0266311820645654,0.520495226807263,0.0178164734818774,0.0260827089929258,0.0167629812763576,0.0187267887775879,0.0232244338097206,0.0843425593786239,0.123337007803093,0.0456547377171051,0.0379975217980037,0.0126339589754541,0.0123925156934465,0.0135575305797014,0,0.0649821188395614,0.0605761158416251,0.0277974459953336,0.149392077834834,0.056487678491083,0.106103506017622
"7614-R-T-TBR1","R","T","CTX","TBR1",0.123267007386045,0.012046444248795,0.00881956302617198,0.0234580907052346,0.109653679356574,0.0504158451651684,0.0350653701847502,0.0338880306586507,0.00938191988548245,0.0915463961273747,0.0725510344442343,0.0211920219990256,0.0403712221557875,0,0.102621666535973,0.277684604970096,0.164495066871993,0.0505430972035406,0.0496524667780924,0.0215765926001051,0.0194506888777962,0.036285750571483,0.0678792955269553,0.03087096202872,0,0.0312195270527231,0.0799952243082667,0.043549812226221,0.0573150423417079,0.0778731089371443,0.0241666477864805,0.0611106395802175,0.348363284002073,0.037364797222543,0.0570420554980682,0,0.121733103191771,0.147109399259999,0.167503176771638,0.0654800683282999,0.018166810487819,0.027158093126377,0.0750151700425393,0.028291816738125,0.231153842203482,0.0217160514340075,0.0338747335428825,0.0659636593224205,0.0321170963346508,0.0304760983339312,0.0249906302701438,0.0375425527889139,0,0.0568218507028154,0.0259779696318856,0.0460820151854508,0.0874194187065691,0.0736359855682761,0.167466884657601,0.0415983045752312,0.0209426954145848,0.0344846225032142,0.0290119251432759,0.0180822661595214,0.0679462507421577,0.0168613846598061,0.181404691456739,0.0294006398383868,0,0.058158916180477,0.0996158611945588,0.0485159069617166,0.0861390894034128,0.0500895255864607,0.052280153958461,0,0.0768061724832996,0.00729305561322894,0.0989434539684832,0.105157741605827,0.12435191972685,0.479799636021005,0.0164324983706152,0.0615725153184047,0.0617689807002203,0.0278007707274789,0.0604397885215499,0.0415182662167964,0,0.0423700015213101,0.103032573745655,0.10241114993135,0.0254482998200962,0.0752538026889343,0.0269400193929724,0.178284683421415,0.192023294285074,0,0.0464709892893239,0.071001423456268,0.031377937978701,0,0.0348076212668773,0.0962397345902144,0,0.0612249709257266,0.09029730542297,0.0313358012989602,0.0503759076237785,0.0554922952487294,0.0766285578275622,0.0445716878983672,0.0675588126629935,0.0242737991049876,0.15904108155777,0.0208984400245055,0.0155624352883675,0.0233386369929176,0.0485682432006806,0.026411991653495,0.00790989740019975,0.0846486937157206,0.110418453387488,0.0460868876548957,0.0376195142404061,0.0241051348200948,0.530868946091965,0.0277747163595971,0.0212197219228228,0.0275792317325323,0.0333598198955843,0.0259250368795486,0.0820260627335884,0.0435297205406353,0.0440774933867433,0.0134249354073373,0.0151829172891426,0.0184216426694033,0.0203689646389963,0.00933642108716589,0.0361189892280539,0.0339317887532486,0.0198223941149382,0.0965930808024762,0.0548762271037289,0.127463015743292
