,Hemisphere,Region,Organ,Cell_Type,1-106934533-C-T,1-168467950-G-A,1-169329191-G-A,1-188748555-G-A,1-221888654-T-C,1-241434408-C-T,1-31691734-G-A,1-64512024-C-T,1-98426749-G-A,10-116196503-C-T,10-133022785-C-T,10-134908190-G-A,10-71631216-G-A,10-98982494-C-CT,11-115043033-C-T,11-123516528-G-A,11-34161341-C-T,11-5470408-T-C,11-84980734-G-A,11-92861647-G-A,12-107509134-G-A,12-116308531-A-G,12-42784039-A-G,13-104815490-G-A,13-113887705-CCAG-C,13-47430361-C-T,13-66931942-G-A,13-84595018-A-G,13-95433485-C-T,13-97971976-C-T,14-38033902-G-T,14-44933484-T-C,14-48138164-C-G,14-48579727-C-T,14-57423222-C-T,14-65962309-A-C,14-78677839-C-T,14-82666170-G-A,15-65325135-G-A,16-27878380-T-C,16-28153814-G-A,16-58426889-C-A,16-69679204-G-C,16-73751747-A-G,16-78187280-G-A,16-80604095-C-T,16-83174915-T-C,17-30813389-C-G,17-32373696-G-A,18-40074413-T-C,18-56480516-G-A,18-6258630-G-A,18-65335071-G-A,18-72031228-C-T,19-31142255-G-A,19-39211568-A-G,19-47833717-G-A,19-58435948-C-A,2-101097017-C-T,2-119890951-G-A,2-139753954-C-T,2-142968696-G-T,2-143727379-C-T,2-1519264-AAC-A,2-189956910-G-A,2-194793292-CTT-C,2-209589692-G-A,2-24960206-G-A,2-49268814-A-C,2-53799113-A-T,2-8566334-G-T,2-97358394-C-T,2-99501908-C-T,20-52916352-A-C,20-56505887-G-A,21-42801460-G-A,21-43101791-G-A,22-19049947-T-TCCTC,22-35279008-G-A,22-46947808-G-A,3-112163628-C-T,3-152697890-C-T,3-162456631-G-A,3-184022071-G-A,3-23502134-AGAAAG-A,3-34583283-C-T,3-36132231-T-G,3-53696469-T-C,3-6341933-TATC-T,3-84719043-C-T,3-94668508-A-C,3-96090255-C-T,4-149096018-G-A,4-149368759-C-T,4-184808022-A-G,4-189162568-G-A,4-66130457-C-T,4-71105167-A-T,4-83599250-T-C,4-93868224-A-C,5-146867769-A-G,5-160411647-T-G,5-72392587-A-G,5-85460580-G-T,6-101898717-G-A,6-110014503-C-T,6-121420086-C-T,6-122610884-C-T,6-125153224-A-C,6-125153225-G-T,6-131367555-G-A,6-156279892-A-G,6-164367726-C-T,6-27985938-C-T,6-40371400-C-T,6-45630553-G-A,6-55394736-C-T,6-7569605-G-A,7-121766164-G-A,7-131427177-ATTTC-A,7-150175576-A-C,7-67855805-C-T,7-80017095-C-T,8-138116363-A-G,8-14166252-C-T,8-144210812-G-A,8-2211118-T-C,8-27531157-G-A,8-72947366-G-A,8-81399897-C-T,9-133760767-C-T,9-134665838-G-A,9-134950488-G-T,9-1722340-A-G,9-76576921-A-G,9-88011667-A-C,9-9457115-T-A,X-10480747-T-A,X-117352547-A-T,X-124310752-C-T,X-130898293-A-G,X-130898294-C-T,X-138175923-C-T,X-141942973-G-A,X-54739596-C-G,X-77453233-C-T
7614-L-9-Ins-COUPTF2,L,Ins,CTX,COUPTF2,0.078151304,0.022908106,0.089511307,0.017958599,0.106902828,0.012796872,0.033766317,0.088021402,0.01343887,0.057497858,0.069440597,0.027272164,0.067793364,0,0.016216809,0.244725832,0.107028343,0.099712512,0.014348812,0.027293487,0.056009514,0.046536803,0.052678927,0.03042199,0.008897417,0.027153769,0.077258505,0.039171034,0.098892143,0.058567951,0.081454402,0.041071375,0.419445957,0.013206572,0.023658287,0,0.073948279,0.064543517,0.087219499,0.05247033,0.037868647,0.057816114,0.009088656,0.031678262,0.276907306,0.013160173,0.084638536,0.106620553,0.077821219,0.041099747,0.036306901,0.088496268,0,0.015163704,0.015401028,0.027944301,0.082617991,0.063684756,0.068947204,0.024860551,0.061722929,0.042652262,0.043470653,0,0.018248297,0,0.124650519,0.034999854,0.038263937,0.077542602,0.016880593,0.097558516,0.014451078,0.051353848,0.128841375,0.10340026,0.03366645,0,0.07243068,0.042206103,0.139149196,0.499687663,0.02741928,0.097328551,0.021583292,0.141394255,0.05361469,0.056335488,0.00998852,0.124773831,0.074161985,0.008621651,0.047882163,0.137580289,0.019934325,0.079845461,0.065726368,0.01076639,0.054588096,0.095079307,0.05036649,0.069150395,0.052952588,0.014085206,0.016448051,0.008270679,0.07860337,0.022726539,0.043350705,0.046989285,0.018657398,0.037350894,0.052784108,0.059080877,0.125367828,0.012279417,0.01422776,0.027335185,0.138546624,0,0,0.021359916,0.127825084,0.048306447,0.154013578,0.047120597,0.530289718,0.028155055,0.020896919,0.07248407,0.029086486,0.015743314,0.07673966,0.013216372,0.046673012,0.009225312,0.066892999,0.061665136,0.039539505,0.020957408,0.040056118,0.033510664,0.014803853,0.020775703,0.036904389,0.08993825
7614-L-9-Ins-TBR1,L,Ins,CTX,TBR1,0.12320886,0.020399669,0.08370316,0.031355649,0.058948312,0.030085317,0.021657404,0.014630143,0.04518542,0.03005294,0.06361131,0.02572668,0.079793171,0,0.01142652,0.272746705,0.090378008,0.130098146,0.043206858,0.021407829,0.059239045,0.04638054,0.034150633,0.036957457,0.008932132,0.029460225,0.121341627,0.034425128,0.094625498,0.060478463,0.016935779,0.039265536,0.292941584,0.03255386,0.018770615,0,0.062236872,0.073704865,0.077923721,0.047412381,0.026092679,0.099881692,0,0.040660582,0.282029778,0.028189712,0.130783615,0.028238101,0.020091018,0.086710997,0.108409305,0.094083572,0,0.021355288,0.025992299,0.037814458,0.111969846,0.016513706,0.019817528,0.026528943,0.014202626,0.030583598,0.089287571,0,0.015185543,0.0496531,0.115856889,0.030854793,0,0.0644016,0.061887418,0.113636014,0.014832323,0.033961781,0.094176322,0.087358057,0.022845583,0.064379101,0.070857432,0.04032875,0.209243488,0.515938691,0.067354817,0.164115441,0,0.068585659,0,0.048079651,0,0.182909766,0.048872641,0.014990072,0.105979943,0.18246159,0.027222315,0.025071595,0.021191229,0,0.04388456,0.029352578,0.043287745,0.113540726,0.055548698,0.020151709,0.013199667,0.011178593,0.079692908,0.071299127,0.032763902,0.034523834,0.021637116,0.045632578,0.083797659,0.084194365,0.121108348,0.021818821,0.02960817,0.026360764,0.118350614,0,0,0.031050783,0.017233697,0.041440654,0.08655764,0.021431579,0.515459059,0.051006444,0.028026592,0.102986895,0.02617518,0.050309491,0.127202178,0.02990743,0.052264038,0.009044683,0.096491544,0.014843484,0,0.018826083,0.038425655,0.026450461,0.021006132,0.020027256,0.044851618,0.02190277
7614-L-9-Ins-CT,L,Ins,CTX,Cont-CT,0.089415693,0.022280997,0.08805927,0.021307862,0.094914199,0.017118983,0.030739089,0.069673587,0.021375507,0.050636629,0.067983275,0.026885793,0.070793316,0,0.015019236,0.25173105,0.102865759,0.107308921,0.021563324,0.025822073,0.056816897,0.046497737,0.048046854,0.032055857,0.008906096,0.027730383,0.088279285,0.037984557,0.097825482,0.059045579,0.065324746,0.040619915,0.387819864,0.018043394,0.022436369,0,0.071020427,0.066833854,0.084895554,0.051205843,0.034924655,0.068332508,0.006816492,0.033923842,0.278187924,0.016917558,0.096174806,0.08702494,0.063388668,0.052502559,0.054332502,0.089893094,0,0.0167116,0.018048845,0.03041184,0.089955954,0.051891993,0.056664785,0.025277649,0.049842853,0.039635096,0.054924882,0,0.017482608,0.012413275,0.122452112,0.033963589,0.028697952,0.074257351,0.028132299,0.101577891,0.014546389,0.047005831,0.120175112,0.099389709,0.030961234,0.016094775,0.072037368,0.041736765,0.156672769,0.50375042,0.037403164,0.114025274,0.016187469,0.123192106,0.040211018,0.054271529,0.00749139,0.139307815,0.067839649,0.010213756,0.062406608,0.148800614,0.021756322,0.066151995,0.054592583,0.008074792,0.051912212,0.078647624,0.048596804,0.080247978,0.053601615,0.015601831,0.015635955,0.008997658,0.078875754,0.034869686,0.040704005,0.043872922,0.019402328,0.039421315,0.060537496,0.065359249,0.124302958,0.014664268,0.018072862,0.02709158,0.133497622,0,0,0.023782633,0.100177237,0.046589999,0.137149594,0.040698342,0.526582053,0.033867902,0.022679337,0.080109776,0.02835866,0.024384858,0.08935529,0.017389137,0.048070769,0.009180155,0.074292635,0.049959723,0.029654628,0.020424576,0.039648502,0.031745613,0.016354423,0.020588591,0.038891197,0.07292938
7614-L-F-COUPTF2,L,F,CTX,COUPTF2,0.05965205,0.008699929,0.090766086,0.023299961,0.149733425,0.027325566,0.02321713,0.077864342,0.014598151,0.062477302,0.139651129,0.024647123,0.018203495,0,0.027204465,0.248903792,0.145329155,0.105418779,0.029280663,0.02270188,0.057515533,0.039567833,0.026230294,0.019803922,0.009786535,0.019752665,0.138429876,0.041608917,0.115668158,0.015102191,0.017410404,0.035537192,0.358711842,0.017008705,0.027323016,0,0.097508784,0.106040048,0.1424781,0.062928969,0.011733081,0.034107981,0,0.074076493,0.295845543,0.020727893,0.071916965,0.145453884,0.077251369,0.030223838,0.027961774,0.063902422,0,0,0.015973952,0.036207704,0.13071182,0.009329511,0.032581761,0.035082321,0.062306252,0.071299453,0.028088336,0,0,0,0.11776799,0.074535599,0,0.072665397,0.014091497,0.071073095,0.014463921,0.049823852,0.09928279,0.093038832,0.022494166,0,0.114519667,0.055502871,0.090283406,0.488747256,0.077283221,0.118358019,0,0.133414717,0.009529862,0.037787451,0,0.103075822,0.08444365,0.019737269,0.046276316,0.108895191,0.053402518,0.02572695,0.067489479,0.011384236,0.057928445,0.083619633,0.048393392,0.072987455,0.055555556,0.022675795,0.01754656,0.009061377,0.097496024,0.062828086,0.038678004,0.038670117,0,0.046578853,0.070884822,0.021432399,0.112030309,0.013461377,0.017698422,0.019758833,0.088863393,0.010153462,0.00963903,0.027283037,0.053771052,0.042327055,0.104325956,0.045666385,0.521600382,0.023519323,0.020845098,0.048502163,0.010940893,0.021329769,0.077402304,0.019607843,0.041224701,0.050544835,0.01342675,0.056002968,0.108539677,0.010374538,0.040668854,0.035884698,0.021334623,0.025568285,0.047496426,0.112716822
7614-L-F-TBR1,L,F,CTX,TBR1,0.026049023,0.025615776,0.109840635,0.027693619,0.088918211,0.021052465,0.025145002,0.015883023,0.077964032,0.027972712,0.121730126,0.036860489,0.097280313,0,0.031886938,0.2162404,0.15221162,0.084636421,0.030568511,0.061924814,0.052668842,0.042584261,0.045781667,0.046937328,0.047046453,0.015561493,0.18691099,0.04123016,0.149989484,0.036875801,0.020353138,0.043754843,0.430739884,0.021168043,0.014625448,0.009670981,0.017460757,0.09346684,0.017985689,0.050195147,0.010092261,0.093923582,0.010881786,0.042601432,0.266186256,0.023830548,0.132177668,0.01208156,0.015937393,0.109148328,0.067442285,0.064169355,0,0.012977714,0.022827719,0.041344912,0.185537,0.010585122,0.123912593,0.03687051,0.014896641,0.008832627,0.075592895,0.00725629,0.020436271,0.027532439,0.03666794,0.055962942,0.032003072,0.118270919,0.011973687,0.067502965,0.022029068,0.102414242,0.047885823,0.090421793,0.02091621,0,0.040441883,0.037869552,0.134746121,0.540721359,0.102565321,0.07923429,0,0.141689285,0.062078135,0.045641718,0,0.120551877,0.107242465,0.01082775,0.089030365,0.158899217,0.064609574,0.116807305,0.101943185,0,0.057331487,0.154177341,0.025603179,0.06732589,0.042962023,0.017494793,0.028586017,0.010280636,0.068925988,0.123449596,0.049434316,0.050251891,0,0.043284366,0.040724399,0.067447188,0.026119205,0.022255217,0.028091799,0.024313043,0.090583278,0,0.007437051,0.021245019,0.021912158,0.036981011,0.071939749,0.144942759,0.509358043,0.037124248,0.021509383,0.123303499,0.026483045,0.022884434,0.091544703,0.034999854,0.042508146,0.013992288,0.094901785,0.146642394,0.006687804,0.053464683,0.071651877,0.068460809,0.018653341,0.011622408,0.062716438,0.018412741
7614-L-F-CT,L,F,CTX,Cont-CT,0.051251293,0.012928891,0.095534723,0.024398375,0.134529622,0.025757291,0.023699098,0.062369012,0.030439621,0.053851154,0.135170878,0.027700465,0.037972699,0,0.028375083,0.240737944,0.147049771,0.100223189,0.029602625,0.032507614,0.056303861,0.04032194,0.031118137,0.026587273,0.019101514,0.018704872,0.150550154,0.041514227,0.12424849,0.020545594,0.018146087,0.037591605,0.376718852,0.018048539,0.024148624,0.002417745,0.077496777,0.102896746,0.111354997,0.059745513,0.011322876,0.049061881,0.002720446,0.066207728,0.288430721,0.021503557,0.086982141,0.112110803,0.061922875,0.04995496,0.037831902,0.063969155,0,0.003244428,0.017687393,0.037492006,0.144418115,0.009643414,0.055414469,0.035529368,0.050453849,0.055682747,0.039964476,0.001814073,0.005109068,0.00688311,0.097492978,0.069892435,0.008000768,0.084066778,0.013562045,0.070180562,0.016355208,0.062971449,0.086433548,0.092384572,0.022099677,0,0.096000221,0.051094541,0.101399085,0.501740782,0.083603746,0.108577087,0,0.135483359,0.02266693,0.039751018,0,0.107444836,0.090143354,0.017509889,0.056964829,0.121396197,0.056204282,0.048497039,0.076102906,0.008538177,0.057779205,0.10125906,0.042695839,0.071572064,0.052407172,0.021380545,0.020306424,0.009366192,0.090353515,0.077983464,0.041367082,0.04156556,0,0.045755231,0.063344716,0.032936096,0.090552533,0.015659837,0.020296766,0.020897386,0.089293364,0.007615096,0.009088535,0.025773532,0.045806328,0.040990544,0.096229404,0.070485479,0.518539797,0.026920554,0.02101117,0.067202497,0.014826431,0.021718435,0.080937904,0.023455846,0.041545562,0.041406698,0.033795509,0.078662825,0.083076709,0.021147074,0.04841461,0.044028726,0.020664302,0.022081816,0.051301429,0.089140802
7614-L-O-COUPTF2,L,O,CTX,COUPTF2,0.089169325,0.026552052,0.018645233,0.015542685,0.068432094,0.025729383,0.043341332,0.095401871,0,0.104446594,0.088908502,0.018262746,0.035299226,0,0.021461995,0.236999219,0.085245069,0.082107083,0.083995524,0.022004167,0.030362653,0.047638341,0.032872395,0.022090616,0,0.026640631,0.092514167,0.044058511,0.122214124,0.041013239,0.065587285,0.029746012,0.390070151,0.009815722,0.028949047,0,0.097900206,0.082027858,0.140688183,0.039354628,0.012589826,0.051549523,0,0.053171936,0.247757802,0.013331556,0.135207288,0.089014028,0.050832857,0.050675965,0.069549027,0.066849232,0,0.01861667,0.011571718,0.048176904,0.097661124,0.044122969,0.0647815,0.030261377,0.051329882,0.044911387,0.059153549,0,0.023919612,0.010204082,0.126527262,0.059678232,0,0.052205502,0.049414107,0.101590739,0.019123803,0.028480899,0.148105265,0.103107852,0.028681881,0.014990213,0.079956036,0.028729188,0.161064841,0.510072495,0.013312051,0.071341268,0,0.160513808,0.085362012,0.049406568,0.010153462,0.192279127,0.060168709,0.012501954,0.045428272,0.103080599,0.054654665,0.0662319,0.054862565,0,0.051923499,0.077405122,0.037153305,0.084697114,0.044663971,0.025205635,0.01703913,0.012053005,0.092175329,0.0469471,0.042457837,0.043855537,0.016665895,0.046137889,0.038678297,0.029808352,0.103405922,0.008853719,0.01654249,0.025929337,0.107858267,0,0.008089016,0.037156155,0.113137085,0.048769767,0.123733542,0.041017779,0.533762938,0.052052043,0.024346832,0.034790502,0.030183581,0.026642995,0.073952956,0.020867325,0.042584874,0.009346203,0.050288944,0.049077876,0.048545691,0.013875512,0.034192614,0.02498439,0.018995714,0.013383392,0.056672267,0.104087179
7614-L-O-TBR1,L,O,CTX,TBR1,0.050711791,0.018270619,0.075847956,0.043406523,0.070928738,0.019216561,0.051795398,0.016060243,0.026941416,0.028629917,0.051533005,0.069199832,0.051876536,0,0.023492049,0.292740573,0.074057145,0.151861037,0.111788211,0.020815272,0.014467705,0.065025609,0.045474975,0.029769289,0,0.030890103,0.064303696,0.045180518,0.129272631,0.108717726,0.114619187,0.055938513,0.338040977,0.026814856,0.010864432,0,0.019297793,0.02347586,0.044930642,0.044613337,0.104880885,0.086417078,0,0.042033135,0.290518699,0.025442739,0.185617299,0.04636392,0.027539746,0.062248002,0.030201512,0.128098659,0,0,0.023453251,0.06495698,0.062910372,0.058204081,0.049416621,0.032310642,0.025436977,0,0.031562578,0.010270059,0.024026155,0,0.024105135,0.052465138,0,0.109239069,0.078206189,0.135912234,0,0.057440601,0.102447677,0.095587948,0.024769956,0.104989791,0.019984019,0.078365462,0.207538268,0.52183214,0.037277214,0.161365629,0.017233697,0.093515757,0,0.04633558,0.011883728,0.167612847,0.100311636,0.025684485,0.102800932,0.130666057,0.073432409,0.036738397,0.050964719,0,0.049350383,0.071670793,0.036653569,0.134189046,0.048168305,0.025223669,0.012960807,0.010720509,0.051584783,0.015761555,0.047880334,0.052414242,0.014028958,0.04223886,0.065769623,0.104753899,0.040319209,0.022768472,0.025934093,0.030374993,0.16757965,0,0.011047195,0.022520009,0.024607116,0.046038999,0.119873654,0.011183835,0.532999027,0.104858034,0.029367341,0.028213825,0.043946568,0,0.093358786,0.025269935,0.044875483,0.01484621,0.11955041,0.013315591,0.012225615,0.019319088,0.058624396,0.049073994,0.030924549,0.014295929,0.054272535,0.113485182
7614-L-O-CT,L,O,CTX,Cont-CT,0.079554942,0.024481694,0.032945914,0.022508645,0.069056255,0.024101177,0.045454849,0.075566464,0.006735354,0.085492424,0.079564628,0.030997018,0.039443553,0,0.021969509,0.250934558,0.082448088,0.099545571,0.090943696,0.021706943,0.026388916,0.051985158,0.03602304,0.024010284,0,0.027702999,0.085461549,0.044339013,0.123978751,0.057939361,0.077845261,0.036294138,0.377062857,0.014065505,0.024427894,0,0.078249603,0.067389859,0.116748798,0.040669306,0.035662591,0.060266411,0,0.050387235,0.258448026,0.016359352,0.147809791,0.078351501,0.045009579,0.053568974,0.059712149,0.082161589,0,0.013962503,0.014542101,0.052371923,0.088973436,0.047643247,0.06094028,0.030773693,0.044856656,0.033683541,0.052255806,0.002567515,0.023946248,0.007653061,0.10092173,0.057874958,0,0.066463894,0.056612128,0.110171113,0.014342853,0.035720824,0.136690868,0.101227876,0.0277039,0.037490107,0.064963032,0.041138257,0.172683197,0.513012406,0.019303342,0.093847358,0.004308424,0.143764295,0.064021509,0.048638821,0.010586028,0.186112557,0.070204441,0.015797586,0.059771437,0.109976964,0.059349101,0.058858524,0.053888103,0,0.05128022,0.07597154,0.037028371,0.097070097,0.045540055,0.025210143,0.016019549,0.011719881,0.082027693,0.039150714,0.043813461,0.045995213,0.016006661,0.045163132,0.045451128,0.048544739,0.087634244,0.012332407,0.018890391,0.027040751,0.122788613,0,0.008828561,0.033497119,0.091004593,0.048087075,0.12276857,0.033559293,0.53357196,0.065253541,0.025601959,0.033146332,0.033624327,0.019982246,0.078804413,0.021967977,0.043157526,0.010721205,0.06760431,0.040137304,0.039465672,0.015236406,0.040300559,0.031006791,0.021977922,0.013611526,0.056072334,0.106436679
7614-L-PF-COUPTF2,L,PF,CTX,COUPTF2,0.108480423,0.020443672,0.074645453,0.030012758,0.111538727,0.028702057,0.019213901,0.075480016,0.015348331,0.089824605,0.109595668,0.027606566,0.027886473,0,0.018872964,0.250275179,0.128774302,0.112931101,0.025102186,0.01908835,0.091415626,0.035059212,0.066800694,0.032466506,0,0.032328788,0.123839865,0.034729341,0.134274421,0.024020147,0.040588748,0.04594915,0.388580925,0.025428752,0.027055589,0.012226072,0.117631053,0.048540613,0.149369864,0.056589347,0.018240706,0.027022093,0.010135193,0.044036771,0.247523833,0.029678251,0.068389035,0.095488261,0.098083423,0.036028726,0.060042507,0.090685262,0,0.038072108,0.017010345,0.049901334,0.122753403,0.031098521,0.097810199,0.033281602,0.060881393,0.03407771,0.073416126,0,0.033974028,0.024569209,0.127201787,0.019931025,0.015058465,0.116345945,0.030544142,0.095678188,0.033803756,0.061873497,0.116963956,0.06200412,0.027623677,0.027333685,0.086630867,0.034112942,0.133395656,0.525297175,0.010183954,0.134260265,0,0.121465959,0.084772956,0.041337341,0,0.144220632,0.107502391,0.018948198,0.043901473,0.071537281,0.03920815,0.114165457,0.067381712,0.012123216,0.048128909,0.092439357,0.026431975,0.076642417,0.045479851,0,0,0.018685877,0.07393276,0.056679102,0.044177584,0.045824611,0.010367288,0.043676868,0.053938441,0.057598052,0.148732014,0.023326358,0.019942648,0.018305687,0.090220061,0,0,0.019995002,0.097447332,0.037260743,0.121288083,0.073724493,0.515571322,0.039674179,0.029692123,0.052032076,0.020134342,0.023339273,0.085859157,0.034718874,0.036735918,0.014501894,0.027907279,0.048100925,0.030031665,0.045104113,0.067535987,0.065457236,0.020976457,0.017415684,0.05383819,0.121881863
7614-L-PF-TBR1,L,PF,CTX,TBR1,0.087052125,0.028987392,0.071545838,0.158822086,0.083249067,0.020160307,0.016395646,0.021168269,0.059252813,0.059600341,0.057365441,0.053037946,0.060793764,0,0.024760011,0.192921782,0.095403671,0.151355307,0.037001806,0.060745674,0.068325343,0.04853064,0.115653968,0.092160967,0.029012003,0.140039546,0.111329223,0.043715696,0.109592171,0.01215362,0.03682866,0.043797864,0.332253569,0.090646187,0.016579394,0.02564735,0.018048072,0.084463788,0.062872866,0.042070316,0.010320253,0.024487552,0.010396381,0.049690399,0.312296358,0.130110176,0.077719516,0.062601628,0.054690282,0.035985409,0.108308764,0.050914365,0.10976426,0.016234251,0.02413554,0.044587796,0.138340015,0.016638382,0.066309765,0.027428863,0.047596423,0.008845402,0.069640594,0.008043878,0.034145123,0.06223216,0.073285682,0.066745072,0.010469626,0.020862026,0.009124148,0.106184065,0,0,0.098644725,0.113480361,0.027958652,0,0.063577018,0.020410289,0.156274098,0.306620568,0.013620052,0.105779563,0.01841982,0.112417274,0.067692329,0.053344885,0.066609597,0.160692894,0.035029815,0.014022979,0.091709178,0.1568224,0.051268264,0.077932594,0.073168753,0,0.04640845,0.10445918,0.03758396,0.068912861,0.052561337,0.023105566,0.021980676,0.01150604,0.066657212,0.039230375,0.03304093,0.034123284,0.014561734,0.048672454,0.110084022,0.063451558,0.092078155,0.015677236,0.011528319,0.022965761,0.120268001,0,0,0.026795328,0.021557246,0.05375386,0.087576347,0.034851582,0.519128787,0.029674291,0.022023725,0.061773657,0.02887029,0.037312831,0.098891716,0.026720399,0.037930557,0.014131306,0.010776388,0.084178542,0.034640715,0.013504474,0.025070611,0.031973959,0.015396768,0.016329932,0.034857809,0.073062154
7614-L-PF-CT,L,PF,CTX,Cont-CT,0.103123349,0.022579602,0.073870549,0.06221509,0.104466312,0.026566619,0.018509337,0.061902079,0.026324451,0.082268539,0.096538111,0.033964411,0.036113296,0,0.020344726,0.23593683,0.120431645,0.122537153,0.028077091,0.029502681,0.085643055,0.038427069,0.079014012,0.047390121,0.007253001,0.059256477,0.120712204,0.03697593,0.128103858,0.021053515,0.039648726,0.045411328,0.374499086,0.04173311,0.02443654,0.015581391,0.092735308,0.057521407,0.127745614,0.052959589,0.016260592,0.026388458,0.01020049,0.045450178,0.263716964,0.054786232,0.070721656,0.087266603,0.087235138,0.036017897,0.072109071,0.080742538,0.027441065,0.032612644,0.018791644,0.04857295,0.126650056,0.027483486,0.08993509,0.031818417,0.05756015,0.027769633,0.072472243,0.00201097,0.034016802,0.033984947,0.113722761,0.031634537,0.013911255,0.092474966,0.025189144,0.098304657,0.025352817,0.046405123,0.112384148,0.07487318,0.027707421,0.020500264,0.080867404,0.030687278,0.139115266,0.470628023,0.011042979,0.127140089,0.004604955,0.119203788,0.080502799,0.044339227,0.016652399,0.148338698,0.089384247,0.017716893,0.055853399,0.092858561,0.042223178,0.105107241,0.068828472,0.009092412,0.047698794,0.095444312,0.029219971,0.074710028,0.047250223,0.005776392,0.005495169,0.016890918,0.072113873,0.05231692,0.04139342,0.04289928,0.011415899,0.044925765,0.067974836,0.059061428,0.134568549,0.021414078,0.017839065,0.019470706,0.097732046,0,0,0.021695084,0.07847481,0.041384023,0.112860149,0.064006265,0.516460688,0.037174207,0.027775024,0.054467471,0.022318329,0.026832662,0.089117297,0.032719255,0.037034578,0.014409247,0.023624556,0.057120329,0.031183928,0.037204204,0.056919643,0.057086417,0.019581534,0.017144246,0.049093095,0.109676936
7614-L-T-COUPTF2,L,T,CTX,COUPTF2,0.0992915,0.015411541,0.01346809,0.02330787,0.151664988,0.033985912,0.04775359,0.073926249,0.00974972,0.089281683,0.077761097,0.023867582,0.08898696,0,0.050551976,0.271973227,0.097745282,0.075029079,0.083922826,0,0.057435276,0.034040396,0.02835012,0.022309427,0,0.033046943,0.104369466,0.049821275,0.109844206,0.035947831,0.054581553,0.049766075,0.318793987,0.016473325,0.017005426,0.016544188,0.105869309,0.056228699,0.135381264,0.049135452,0.036232122,0.055138579,0.013163594,0.035746216,0.271858132,0.023576776,0.113541583,0.056398229,0.080700474,0.081831709,0.076141047,0.087648118,0,0.011508707,0.019606587,0.059361089,0.088941869,0.036292075,0.061628635,0.029704426,0.052034423,0.043173289,0.061234119,0,0.022076884,0.010735325,0.124742836,0.072827306,0,0.053459192,0.051579294,0.093476543,0.015617376,0.03936818,0.121276387,0.108991053,0.028834493,0.052258687,0.081959601,0.03903568,0.106641445,0.493188064,0.041518972,0.091000694,0.012953194,0.108396805,0.085029433,0.037293707,0.010126874,0.134755835,0.085323735,0.025549849,0.062114497,0.093009148,0.024045132,0.05892806,0.056367627,0,0.047598065,0.097482222,0.034644481,0.09302039,0.048935708,0.017472303,0.009929258,0,0.089995296,0.061070223,0.033601979,0.035412932,0.017137262,0.03496418,0.06191898,0.040699953,0.083139839,0.017388018,0.020051532,0.020150248,0.095949562,0,0,0.049381662,0.074551531,0.034024271,0.120376671,0.024030449,0.517917449,0.054459044,0.022020419,0.064161032,0.029806292,0.024418101,0.08083787,0,0.037291114,0.019688435,0.03234908,0.016221431,0.048116807,0.01651746,0.056899818,0.051543225,0.016003585,0.031761677,0.039428486,0.104310519
7614-L-T-TBR1,L,T,CTX,TBR1,0.054862692,0.009526186,0.050559245,0.219542297,0.073896435,0.025243977,0.034432754,0.015007506,0.014874651,0.019999429,0.100722634,0.053152975,0.074786909,0,0.03532987,0.263769495,0.077259958,0.097748275,0.079176667,0.020717881,0.058858089,0.026707055,0.036652705,0.042489524,0,0.199834915,0.093606243,0.034326229,0.111042275,0.05700612,0.083780581,0.064986792,0.335667084,0.013161693,0.019938782,0,0.045895536,0.060528746,0.050736113,0.046726931,0.070200075,0.055675572,0,0.034609881,0.285241149,0.159167641,0.145732338,0.029296794,0.032639901,0.07673883,0.055913507,0.092194822,0,0,0.030413674,0.046556973,0.077852185,0.027836908,0.059776327,0.031628048,0.041186045,0.028239125,0.060612542,0,0.009242634,0,0.049165592,0.064205099,0,0.011616917,0.090714929,0.120036874,0.018407593,0.014777967,0.106127301,0.085394222,0.036357147,0.068150434,0.045735518,0.051702249,0.178385547,0.329976996,0.035859804,0.100840672,0,0.112825177,0.0748398,0.052320895,0.073854895,0.130036415,0.098834844,0.023051022,0.065845593,0.106356254,0.030502867,0.031344156,0.034589485,0.013474201,0.03674467,0.100662781,0.042811393,0.103192036,0.040220157,0.018278146,0.011250167,0.017261403,0.071259743,0.048891026,0.021376828,0.027609986,0.008084257,0.044479847,0.08464199,0.033303281,0.079051848,0.050564477,0.015156735,0.029843574,0.08401351,0,0.011232765,0.057737214,0.043685203,0.049810458,0.110734622,0.036888197,0.533864603,0.043393035,0.018091832,0.05722857,0.032141217,0.014542218,0.050858678,0.025228084,0.028336458,0.008243376,0.04556866,0.025394069,0.010079437,0.011227808,0.027190382,0.02106859,0.02416312,0.021920429,0.04527671,0.114341358
7614-L-T-CT,L,T,CTX,Cont-CT,0.088184298,0.013940202,0.022740879,0.072366477,0.13222285,0.031800428,0.044423381,0.059196563,0.011030953,0.07196112,0.083501482,0.03118893,0.085436947,0,0.04674645,0.269922294,0.092623951,0.080708878,0.082736287,0.00517947,0.057790979,0.032207061,0.030425766,0.027354451,0,0.074743936,0.10167866,0.045947514,0.110143723,0.041212403,0.06188131,0.053571254,0.323012261,0.015645417,0.017738765,0.012408141,0.090875866,0.05730371,0.114219977,0.048533322,0.04472411,0.055272828,0.009872695,0.035462132,0.275203887,0.057474492,0.121589271,0.04962287,0.068685331,0.080558489,0.071084162,0.088784794,0,0.00863153,0.022308359,0.05616006,0.086169448,0.034178284,0.061165558,0.030185332,0.049322329,0.039439748,0.061078725,0,0.018868322,0.008051494,0.105848525,0.070671754,0,0.042998623,0.061363203,0.100116626,0.01631493,0.033220627,0.117489116,0.103091845,0.030715156,0.056231624,0.072903581,0.042202322,0.124577471,0.452385297,0.04010418,0.093460688,0.009714896,0.109503898,0.082482025,0.041050504,0.026058879,0.13357598,0.088701512,0.024925142,0.063047271,0.096345924,0.025659566,0.052032084,0.050923091,0.00336855,0.044884717,0.098277362,0.036686209,0.095563302,0.04675682,0.017673764,0.010259485,0.004315351,0.085311408,0.058025424,0.030545691,0.033462195,0.014874011,0.037343097,0.067599732,0.038850785,0.082117841,0.025682132,0.018827833,0.022573579,0.092965549,0,0.002808191,0.05147055,0.066834949,0.037970818,0.117966159,0.027244886,0.521904238,0.051692542,0.021038272,0.062427917,0.030390024,0.02194913,0.073343072,0.006307021,0.03505245,0.01682717,0.035653975,0.01851459,0.038607464,0.015195047,0.049472459,0.043924566,0.018043469,0.029301365,0.040890542,0.106818229
7614-R-5-Ins-COUPTF2,R,Ins,CTX,COUPTF2,0.096830086,0.010414689,0.009320996,0.030221619,0.122005368,0.049536693,0.046219726,0,0,0.09527571,0.051912231,0.022475761,0.023217547,0,0.080425775,0.325304483,0.166201101,0.078825442,0.055227791,0.043863446,0.015524881,0.038667488,0.052382272,0.028088952,0,0.03336424,0.047692841,0.042259932,0.083043074,0.114476367,0.011519392,0.043322937,0.318358882,0.009265219,0.055685523,0.010965862,0.134043955,0.111413094,0.137991608,0.071237277,0,0.031056961,0,0.03928371,0.263963553,0.013028279,0.036693027,0.087414903,0.045725545,0.034821863,0.023378784,0.011504136,0,0.074854286,0.010833149,0.043856415,0.069783681,0.1123562,0.120963247,0.03282933,0.025010423,0.011057996,0.017153012,0.058064232,0.036769013,0,0.117407245,0.03590562,0,0.063771317,0.088331586,0.025118018,0.035347306,0.031919409,0.075858261,0.02485671,0.066886845,0,0.037104964,0.094795962,0.187839894,0.476000191,0,0.090594066,0.076155256,0.057947512,0.064959777,0.046038021,0.010043279,0.063855086,0.113315606,0.025397977,0.02740086,0.055015451,0.027747209,0.14748106,0.132783492,0.010730997,0.059805421,0.082474767,0.046297365,0,0.041937978,0.068839761,0.017033361,0,0.08203919,0.021659581,0.039661489,0.041023591,0,0.04599127,0.103770703,0.027508469,0.103861202,0.017553317,0.045107842,0.054943052,0.06846431,0.057951328,0,0.069078962,0.152600583,0.039047409,0.053486644,0.017664564,0.507197242,0.027393405,0.014742059,0.023980919,0.019575507,0.031608293,0.065280048,0.052822141,0.039941462,0,0.019091828,0.0175223,0.018080985,0.021087475,0.04425572,0.033631104,0.018341164,0.059680905,0.044246055,0.126770029
7614-R-5-Ins-TBR1,R,Ins,CTX,TBR1,0.159213311,0.01570089,0.019584327,0.046618485,0.130166762,0.024714598,0.016022404,0.019141312,0.017392839,0.126151455,0.056899522,0.027953276,0.031706557,0,0.081238063,0.25968856,0.150642431,0.028090553,0.04295632,0,0.015738114,0.040251961,0.025276998,0.017961496,0.013791464,0.030940333,0.024245007,0.049116257,0.050348931,0.049803251,0.018405254,0.042635837,0.371866365,0.01431056,0.050843122,0.012010766,0.116468527,0.060297604,0.156502141,0.044943295,0.012941257,0.023107366,0.05531104,0.023853512,0.2027366,0.019319389,0.027531917,0.043489681,0.016780476,0.034797083,0.025054868,0.014616072,0,0.077427693,0.020201677,0.033385927,0.029392701,0.072415178,0.108070943,0.030542361,0.010755175,0.036661779,0.012651641,0.088515654,0.067460583,0,0.176776695,0.024279284,0,0,0.065732735,0.019311282,0.016194465,0,0.023046431,0,0.157556121,0.007756834,0.014402286,0.073914739,0.183517728,0.410911812,0.019705629,0.023007403,0.147606279,0.01847927,0.082246469,0.059076183,0.010635289,0.039081085,0.110072554,0.016080302,0.015578164,0.064210112,0.024356941,0.091804956,0.09445805,0.090335168,0.055721166,0.058016729,0.04365843,0,0.045735746,0.07371227,0.009912171,0.017480754,0.093942278,0.021771737,0.048047143,0.05081213,0.020519567,0.040897316,0.16169737,0.020883244,0.147776976,0.017861415,0.022442584,0.03095571,0.024612084,0,0.008610457,0.057884064,0.164335028,0.045110031,0.012242553,0.021689984,0.513706392,0.028202201,0.02457737,0.021617895,0.020495418,0.013839588,0.102359241,0.014955387,0.033903175,0.009876814,0,0.039139684,0.007571196,0.02222332,0.033723261,0.024751522,0.022885932,0.051058129,0.047598582,0.111749686
7614-R-5-Ins-CT,R,Ins,CTX,Cont-CT,0.112425892,0.011736239,0.011886829,0.034320836,0.124045717,0.043331169,0.038670396,0.004785328,0.00434821,0.102994647,0.053159054,0.02384514,0.0253398,0,0.080628847,0.308900503,0.162311433,0.06614172,0.052159923,0.032897585,0.015578189,0.039063607,0.045605954,0.025557088,0.003447866,0.032758264,0.041830883,0.043974013,0.074869538,0.098308088,0.013240858,0.043151162,0.331735753,0.010526554,0.054474923,0.011227088,0.129650098,0.098634222,0.142619241,0.064663782,0.003235314,0.029069562,0.01382776,0.035426161,0.248656815,0.014601057,0.03440275,0.076433597,0.038489278,0.034815668,0.023797805,0.01228212,0,0.075497638,0.013175281,0.041238793,0.059685936,0.102370945,0.117740171,0.032257587,0.021446611,0.017458942,0.016027669,0.065677087,0.044441906,0,0.132249607,0.032999036,0,0.047828487,0.082681874,0.023666334,0.030559096,0.023939557,0.062655303,0.018642533,0.089554164,0.001939208,0.031429294,0.089575656,0.186759353,0.459728096,0.004926407,0.0736974,0.094018012,0.048080451,0.06928145,0.049297562,0.010191282,0.057661585,0.112504843,0.023068558,0.024445186,0.057314116,0.026899642,0.133562034,0.123202132,0.03063204,0.058784357,0.076360258,0.045637631,0,0.04288742,0.070057888,0.015253064,0.004370189,0.085014962,0.02168762,0.041757903,0.043470726,0.005129892,0.044717781,0.11825237,0.025852163,0.114840145,0.017630341,0.039441527,0.048946216,0.057501254,0.043463496,0.002152614,0.066280238,0.155534194,0.040563064,0.043175621,0.018670919,0.508824529,0.027595604,0.017200887,0.023390163,0.019805485,0.027166117,0.074549846,0.043355453,0.03843189,0.002469204,0.014318871,0.022926646,0.015453538,0.021371436,0.041622605,0.031411208,0.019477356,0.057525211,0.045084187,0.123014943
7614-R-F-COUPTF2,R,F,CTX,COUPTF2,0.122029074,0.012423239,0.015161961,0.028337759,0.159886633,0.048625496,0.035232499,0.020386947,0.009524673,0.078098907,0.051285423,0.030530314,0.028645574,0,0.057723483,0.299021857,0.150412069,0.074565194,0.05820133,0.017030068,0.017025131,0.054255416,0.041021865,0.022667832,0.008827119,0.03630368,0.045743493,0.04488693,0.048331447,0.10689538,0.015834166,0.034789186,0.325056476,0.0225781,0.083690482,0,0.105121004,0.099324516,0.113231445,0.053351802,0.011646029,0.023288111,0.012515164,0.031004957,0.22003368,0.02154402,0.032980056,0.110501821,0.008875312,0.037796447,0.02020099,0.02301843,0,0.031619264,0.022001947,0.036916262,0.035824886,0.075124667,0.158539722,0.038001377,0.019589024,0.055702715,0.019304084,0.085549829,0.035382993,0,0.135089138,0.029727751,0.029966456,0.061749203,0.122665578,0.012669398,0.049120361,0.040659142,0.072415178,0.02470454,0.091315074,0,0.049349954,0.123022875,0.186861301,0.501656166,0.026231153,0.059790556,0.088980549,0.039672222,0.070002754,0.047464314,0.009342123,0.018489374,0.130646642,0.052299811,0.022341538,0.090405549,0.031279032,0.159642431,0.14801226,0.045194817,0.061883249,0.079740083,0.055140165,0.013116517,0.028119783,0.057475604,0.01297389,0.00798214,0.088780602,0.010985032,0.029260287,0.031023602,0.024206821,0.05272186,0.090461628,0.026591137,0.127311021,0.024472067,0.041405973,0.049440248,0.072442424,0.066195068,0.007899279,0.067649651,0.101712834,0.035392794,0.064195452,0.0213752,0.512471727,0.02731537,0.046998248,0.027286374,0.023997312,0.023870496,0.080318885,0.027176321,0.05168174,0.008964735,0.014031719,0.014504945,0.007086142,0.017842214,0.042469067,0.042488997,0.025144472,0.061311533,0.044318779,0.122054443
7614-R-F-TBR1,R,F,CTX,TBR1,0.066980415,0.024201056,0.01431985,0.023562373,0.166212327,0.024464946,0.025295074,0.014612171,0.019659307,0.107514965,0.08129606,0.024067871,0.024038878,0,0.042694516,0.297846119,0.174829412,0.031808873,0.132250834,0.026008411,0.017540621,0.048834798,0.032061436,0.031916283,0,0.025255424,0.01912357,0.045316115,0.067631666,0.028495927,0.015803489,0.073516495,0.370280904,0.021623622,0.104458848,0.011226746,0.091829646,0.162870708,0.225324184,0.047404546,0.011770409,0.027452198,0.033523843,0.044686617,0.249224373,0.02811793,0.03082794,0.056448248,0.019257138,0.040723148,0.029802468,0.021919426,0.19245009,0.052872745,0,0.028302391,0.027443002,0.045501576,0.167747212,0.030710299,0.031996928,0.071792732,0.02306328,0.012998345,0.029138576,0,0.219194262,0.024659967,0.018904977,0.105816201,0,0.02420201,0.037904902,0.077002589,0.134093656,0.01922011,0.129027346,0,0.017742241,0.02467444,0.132540028,0.492278824,0.008408707,0.036221607,0.117843185,0.070917824,0.057038459,0.0544847,0.008805874,0.054104577,0.088777187,0.072650983,0.029679807,0.073340955,0.02195197,0.18219128,0.187787886,0,0.04794633,0.075386291,0.049017252,0,0.044215769,0.109754537,0.008876012,0.058196299,0.068737948,0.017860465,0.044532497,0.045691166,0.028366914,0.044934556,0.101966182,0.019083135,0.22380612,0.019072142,0.010109782,0.025880925,0.020008672,0.02344573,0,0.050250305,0.117592251,0.04839744,0.042980119,0.017154905,0.530338846,0.034753901,0.096934324,0.027105514,0.027792403,0.027681827,0.042006027,0.079644734,0.052460381,0.014798449,0.013338077,0.054575747,0.013501807,0.012340978,0.060644041,0.054272535,0.0105462,0.103587434,0.052102711,0.115179759
7614-R-F-CT,R,F,CTX,Cont-CT,0.108266909,0.015367693,0.014951433,0.027143912,0.161468057,0.042585358,0.032748142,0.018943253,0.012058332,0.085452922,0.058788082,0.028914703,0.0274939,0,0.053966242,0.298727923,0.156516405,0.063876114,0.076713706,0.019274653,0.017154003,0.052900261,0.038781758,0.024979945,0.006620339,0.033541616,0.039088512,0.044994227,0.053156502,0.087295517,0.015826497,0.044471013,0.336362583,0.022339481,0.088882573,0.002806687,0.101798165,0.115211064,0.14125463,0.051864988,0.011677124,0.024329133,0.017767334,0.034425372,0.227331353,0.023187498,0.032442027,0.096988428,0.011470769,0.038528123,0.022601359,0.022743679,0.048112522,0.036932634,0.01650146,0.034762794,0.033729415,0.067718894,0.160841595,0.036178607,0.022691,0.05972522,0.020243883,0.067411958,0.033821889,0,0.156115419,0.028460805,0.027201086,0.072765953,0.091999183,0.015552551,0.046316496,0.049745004,0.087834798,0.023333433,0.100743142,0,0.041448026,0.098435766,0.173280983,0.49931183,0.021775542,0.053898319,0.096196208,0.047483622,0.06676168,0.049219411,0.009208061,0.027393175,0.120179278,0.057387604,0.024176105,0.086139401,0.028947267,0.165279643,0.157956167,0.033896113,0.058399019,0.078651635,0.053609437,0.009837388,0.032143779,0.070545337,0.011949421,0.02053568,0.083769938,0.01270389,0.033078339,0.034690493,0.025246844,0.050775034,0.093337766,0.024714137,0.151434796,0.023122086,0.033581925,0.043550418,0.059333986,0.055507733,0.005924459,0.063299815,0.105682688,0.038643955,0.058891619,0.020320126,0.516938507,0.029175003,0.059482267,0.027241159,0.024946085,0.024823329,0.07074067,0.040293424,0.0518764,0.010423163,0.013858309,0.024522646,0.008690058,0.016466905,0.047012811,0.045434881,0.021494904,0.071880508,0.046264762,0.120335772
7614-R-O-COUPTF2,R,O,CTX,COUPTF2,0.073744104,0.019493087,0.017177668,0.02879732,0.127541012,0.057639042,0.026675362,0.021791975,0.018075323,0.05643845,0.045718445,0.028727482,0.030706371,0.022688486,0.09815249,0.309881413,0.128087366,0.095002668,0.043035492,0.023309453,0.017409085,0.045203789,0.031968848,0.032906489,0.012565452,0.02544933,0.054147365,0.049432233,0.101564305,0.120159152,0.011190136,0.042788213,0.319278354,0.016167633,0.060741938,0,0.110218213,0.093844832,0.101601354,0.037980631,0.017382763,0.030277377,0.012567933,0.03904344,0.253368443,0.030450184,0.022495115,0.08488638,0.031080991,0.037560605,0.041676315,0.015658006,0.147441956,0.064919327,0.01998668,0.055361296,0.072402885,0.108192817,0.115759028,0.026400484,0.038858278,0.027537136,0.016652795,0.094380898,0.020324741,0,0.142769409,0.024410825,0.014109721,0.070087664,0.145500383,0.030066521,0.01498306,0.05448117,0.071341763,0.018591986,0.10204706,0.007047323,0.074611631,0.153881912,0.18066219,0.503019643,0.009159291,0.108526369,0.0590562,0.02668565,0.048241113,0.048922854,0,0.04255044,0.100452635,0.052759614,0.027652177,0.071589712,0.033172883,0.129094664,0.159225321,0.036033599,0.046577169,0.075023448,0.030917158,0.009692307,0.043388133,0.043020571,0.016478542,0.015936381,0.07010998,0.019058282,0.050815733,0.05704739,0.028953294,0.047555064,0.124698319,0.019207697,0.123532381,0.024888768,0.066727633,0.059069311,0.079805663,0.104195449,0.030788426,0.077687593,0.084930434,0.044192119,0.082675692,0.023284616,0.512162645,0.022708513,0.023458987,0.014605156,0.02882714,0.027616068,0.093983017,0.023613996,0.040467499,0.022394296,0,0.012877256,0.015885428,0.009185142,0.047981439,0.043419023,0.021701984,0.059919813,0.040785422,0.127830511
7614-R-O-TBR1,R,O,CTX,TBR1,0.07525323,0.013703774,0.013596112,0.029619068,0.122560129,0.033228888,0.035014154,0.014661559,0.020984923,0.173680323,0.114180145,0.023613265,0.023184037,0,0.117858571,0.290201927,0.141152238,0.073836482,0.08574121,0.019008293,0.007842233,0.037888574,0.058258468,0.032947288,0.008497186,0.022906938,0.033768804,0.048404729,0.121951624,0.030029669,0.021556531,0.067808082,0.367853871,0.049505539,0.049793407,0.027228321,0.096750265,0.201560658,0.136298309,0.052275849,0.016891024,0.029138146,0.065639072,0.048303918,0.197732901,0.023557142,0.028594781,0.128377659,0.014664186,0.046809335,0.022799223,0.024766338,0.118678166,0.024676944,0.023345632,0.047431201,0.042890075,0.099712357,0.160722323,0.035906906,0.0185376,0.018086406,0.027217328,0.030399416,0.096158291,0,0.129194877,0.039934384,0.014600485,0.087928575,0.043927842,0.025237723,0.081840408,0.044289429,0.049633533,0.016190219,0.085627067,0,0.04391036,0.044779715,0.189403496,0.497563356,0.02823631,0.074268586,0.08860112,0.057475061,0.051796806,0.051172824,0.019253568,0.072081485,0.102876256,0.07824022,0.02476465,0.06548174,0.032684679,0.186020482,0.186010443,0.026017631,0.062668526,0.138352428,0.046604386,0,0.047627575,0.092210814,0.00880178,0.022782255,0.092258154,0.014201551,0.051552609,0.047414234,0.094287889,0.047280751,0.138326552,0.020406464,0.116121159,0.029977058,0.026218528,0.024051788,0.065950699,0.019505002,0.039372992,0.114405791,0.230644989,0.039023616,0.044377533,0.024596775,0.523420875,0.027756369,0.019598427,0.018370025,0.026750454,0.0260988,0.03747544,0.034360407,0.034377014,0.019578509,0,0.012010766,0.019889325,0.016499651,0.057135084,0.046012023,0.027015753,0.073691679,0.060538595,0.075201238
7614-R-O-CT,R,O,CTX,Cont-CT,0.074121385,0.018045759,0.016282279,0.029002757,0.126295791,0.051536503,0.02876006,0.020009371,0.018802723,0.085748918,0.06283387,0.027448928,0.028825788,0.017016364,0.103079011,0.304961541,0.131353584,0.089711121,0.053711922,0.022234163,0.015017372,0.043374986,0.038541253,0.032916689,0.011548385,0.024813732,0.049052725,0.049175357,0.106661135,0.097626782,0.013781734,0.049043181,0.331422234,0.024502109,0.058004806,0.00680708,0.106851226,0.120773788,0.110275593,0.041554436,0.017259828,0.029992569,0.025835717,0.04135856,0.239459557,0.028726924,0.024020031,0.0957592,0.02697679,0.039872787,0.036957042,0.017935089,0.140251009,0.054858731,0.020826418,0.053378772,0.065024682,0.106072702,0.126999852,0.028777089,0.033778109,0.025174453,0.019293928,0.078385528,0.039283129,0,0.139375776,0.028291715,0.014232412,0.074547892,0.120107248,0.028859321,0.031697397,0.051933235,0.065914706,0.017991544,0.097942062,0.005285492,0.066936313,0.126606363,0.182847516,0.501655572,0.013928546,0.099961923,0.06644243,0.034383003,0.049130037,0.049485347,0.004813392,0.049933201,0.10105854,0.059129766,0.026930296,0.070062719,0.033050832,0.143326118,0.165921602,0.033529607,0.050600008,0.090855693,0.034838965,0.00726923,0.044447994,0.055318132,0.014559352,0.01764785,0.075647023,0.017844099,0.050999952,0.054639101,0.045286943,0.047486486,0.128105377,0.019507389,0.121679575,0.02616084,0.056600357,0.05031493,0.076341922,0.083022838,0.032934568,0.086867143,0.121359073,0.042899993,0.073101152,0.023612656,0.514977203,0.023970477,0.022493847,0.015546373,0.028307969,0.027236751,0.079856123,0.026300599,0.038944877,0.021690349,0,0.012660634,0.016886402,0.011013769,0.05026985,0.044067273,0.023030426,0.06336278,0.045723715,0.114673193
7614-R-P-COUPTF2,R,P,CTX,COUPTF2,0.113446725,0.018176411,0.01480791,0.033209686,0.093493199,0.041329775,0.010708209,0.021672658,0,0.06121019,0.033851335,0.022020877,0.024377357,0,0.048121092,0.276391056,0.111927581,0.10736317,0.080774847,0.02530497,0.014504945,0.024014605,0.043027173,0.015553962,0,0.023521274,0.047793541,0.037455548,0.080573276,0.102696756,0.02091062,0.045813542,0.327238151,0.030827658,0.066150024,0,0.111590372,0.116669485,0.10031891,0.068654264,0.01371537,0.031796689,0.017497248,0.057278616,0.225281203,0.020345764,0.024067406,0.064697829,0.015387347,0.040984524,0.024505314,0.020990623,0,0.028127198,0.033560952,0.040974489,0.071543383,0.095110336,0.14735238,0.024280715,0.020193437,0,0.021396065,0.091726664,0.01274118,0.0168538,0.11250879,0.027311804,0,0.041351981,0.190536298,0.0300387,0.045414864,0.033008514,0.072060819,0.028765814,0.122776508,0,0.061947572,0.154291023,0.185768702,0.468340446,0.014950372,0.067696329,0.109899204,0.065237855,0.056939221,0.049734764,0.010890817,0.02780864,0.090577002,0.075911149,0.016852603,0.040767377,0.034987951,0.116817087,0.151404867,0.012496096,0.05121574,0.076567921,0.037525556,0.010956643,0.044934281,0.058641193,0,0.01340261,0.080933419,0.015648577,0.049352637,0.049326362,0.015581315,0.035473783,0.080503508,0.01902893,0.138785642,0.033174543,0.05047759,0.060140653,0.09014541,0.046935556,0.038911078,0.046460006,0.125051885,0.044769139,0.040734408,0.017358739,0.533575312,0.026167612,0.01297007,0.025014335,0.03558028,0.01496627,0.095756171,0.023880703,0.031862649,0,0,0,0.022580293,0.010369517,0.043170113,0.04202901,0,0.070216994,0.053866586,0.112876074
7614-R-P-TBR1,R,P,CTX,TBR1,0.150256289,0.017301364,0.019289115,0.029765144,0.101172373,0.021106255,0.020589037,0.03126145,0.015268214,0.121755869,0.102757633,0.031238269,0.023390613,0,0.05359347,0.30831876,0.161862063,0.086326046,0.109981412,0.024332413,0.014191418,0.050588349,0.062647782,0.022046907,0,0.025548807,0.070228833,0.046189781,0.113157779,0.033485364,0.02046221,0.084818893,0.36830106,0.051185392,0.061468807,0.012593819,0.045918313,0.138647133,0.162273762,0.05597968,0.018507415,0.028744585,0.015540496,0.036637165,0.220666916,0.029484447,0.03540655,0.031502722,0.023307343,0.036369648,0.031081617,0.01983576,0,0.023058375,0.026140776,0.035285572,0.082191781,0.043970648,0.20437276,0.024400614,0.013319725,0.06586924,0.025432115,0.034679733,0.00980675,0,0.154553639,0.025849448,0.015696054,0.054345953,0.069533399,0.037969741,0.053207504,0.039547013,0.065896592,0.018695672,0.160446707,0,0.022785212,0.038585025,0.131618518,0.482294521,0.014174301,0.093169006,0.161759908,0.068725414,0.018243741,0.045219361,0.008992602,0.028818773,0.047561787,0.140619536,0.023813743,0.036728629,0.026400484,0.241176307,0.227617422,0.014612171,0.052839344,0.105141541,0.036935843,0.016497967,0.054943324,0.084047235,0.01581073,0.018313667,0.07006476,0.022370749,0.04751631,0.048681746,0.025546722,0.043948084,0.068685344,0.026462806,0.157653493,0.018390931,0.025959956,0.0230249,0.091130005,0.010684346,0.066137841,0.064176012,0.125994293,0.038202808,0.060741938,0.018340907,0.529449016,0.014480593,0.022595192,0.023398971,0.023116919,0.019192656,0.026585968,0.039813879,0.062204562,0.030406005,0.020246483,0,0.016647794,0,0.031299162,0.025113617,0.01117057,0.094587136,0.056191206,0.112980881
7614-R-P-CT,R,P,CTX,Cont-CT,0.122649116,0.017957649,0.015928211,0.032348551,0.095412993,0.036273895,0.013178416,0.024069856,0.003817053,0.07634661,0.05107791,0.024325225,0.024130671,0,0.049489186,0.284372982,0.124411201,0.102103889,0.088076488,0.025061831,0.014426563,0.030658041,0.047932325,0.017177198,0,0.024028157,0.053402364,0.039639106,0.088719402,0.085393908,0.020798518,0.055564879,0.337503878,0.035917091,0.06497972,0.003148455,0.095172357,0.122163897,0.115807623,0.065485618,0.014913381,0.031033663,0.01700806,0.052118254,0.224127631,0.022630435,0.026902192,0.056399052,0.017367346,0.039830805,0.02614939,0.020701908,0,0.026859992,0.031705908,0.039552259,0.074205483,0.082325414,0.161607475,0.02431069,0.018475009,0.01646731,0.022405078,0.077464931,0.012007572,0.01264035,0.123020002,0.026946215,0.003924013,0.044600474,0.160285573,0.03202146,0.047363024,0.034643139,0.070519762,0.026248279,0.132194058,0,0.052156982,0.125364524,0.172231156,0.471828965,0.014756354,0.074064498,0.12286438,0.066109745,0.047265351,0.048605914,0.010416263,0.028061173,0.079823198,0.092088246,0.018592888,0.03975769,0.032841084,0.147906892,0.170458006,0.013025114,0.051621641,0.083711326,0.037378128,0.012341974,0.047436541,0.064992704,0.003952682,0.014630374,0.078216254,0.01732912,0.048893555,0.049165208,0.018072667,0.037592358,0.077548967,0.020887399,0.143502604,0.02947864,0.044348182,0.050861715,0.090391559,0.037872754,0.045717768,0.050889008,0.125287487,0.043127556,0.045736291,0.017604281,0.532543738,0.023245857,0.015376351,0.024610494,0.03246444,0.016022867,0.078463621,0.027863997,0.039448127,0.007601501,0.005061621,0,0.021097168,0.007777138,0.040202375,0.037800162,0.002792642,0.076309529,0.054447741,0.112902275
7614-R-PF-COUPTF2,R,PF,CTX,COUPTF2,0.104969656,0.025451578,0,0.018516402,0.150267215,0.024238291,0.024177493,0.027432214,0.025042519,0.080749816,0.020392245,0.031034806,0.026054092,0,0.072626915,0.323267372,0.127829299,0.086142143,0.040098496,0.012374001,0.012951021,0.049195617,0.041311298,0.023862566,0,0.018065734,0.079489965,0.052210114,0.053309645,0.088304364,0,0.025534227,0.323142465,0.018891478,0.080703747,0.010890817,0.141534041,0.127502386,0.096526824,0.047530473,0.011878696,0.038433122,0.031131154,0.050094014,0.196579172,0.024496647,0.031008684,0.106096251,0.048215977,0.036228339,0.031920313,0.020250634,0.147441956,0.050938839,0.044441701,0.047021184,0.094004262,0.117948051,0.134521648,0.022680461,0,0.057121154,0.025559004,0.073733196,0.010417797,0,0.115876663,0.044230183,0,0.090016966,0.09742021,0.025824193,0.018224038,0.054307833,0.079178118,0,0.091205902,0,0.080299081,0.053209216,0.204945501,0.495557348,0.023861433,0.079098149,0.043640115,0.049332851,0.051996894,0.04958339,0,0.034480196,0.08001051,0.012264631,0.02004173,0.078894012,0.028406684,0.143708335,0.125412739,0.010812233,0.055930838,0.070656348,0.051416317,0.009486454,0.04931689,0.035263907,0.009730776,0.011718974,0.090986379,0.011714952,0.045722996,0.040340294,0.016108094,0.034040396,0.106600358,0.021651312,0.124661472,0.023179825,0.020285325,0.083942771,0.050688535,0.07875283,0,0.083525693,0.105088148,0.033498128,0.07422434,0.01816831,0.523095556,0.03424604,0.025084629,0.021729719,0.020632815,0.015791005,0.077629668,0.038253437,0.037890058,0.013099063,0.013971332,0.012648605,0.013082612,0.016623624,0.041294522,0.039288497,0,0.053792732,0.046786026,0.119390165
7614-R-PF-TBR1,R,PF,CTX,TBR1,0.090309071,0.020816625,0.02085779,0.098981864,0.094953827,0.032850216,0.024799318,0.016152159,0.014811971,0.069613805,0.066003584,0.020646884,0.0424551,0,0.091865627,0.247787251,0.129856898,0.061108199,0.069292694,0.0260504,0.023000157,0.036733439,0.05602102,0.02263725,0,0.101719842,0.041702883,0.044504054,0.059725368,0.058367733,0.016543056,0.140920339,0.336306781,0.037648046,0.073806984,0.033930487,0.074219482,0.119869858,0.147867588,0.046441094,0.011975404,0.030018617,0.025593394,0.02906191,0.251555343,0.092636711,0.031732709,0.080336743,0.019681379,0.04062996,0.028158775,0.024697005,0,0.010543269,0.030501487,0.039378778,0.030030346,0.030284496,0.153048927,0.030512726,0.021143965,0.05609738,0.017059283,0.099884529,0.022449531,0,0.178379982,0.024133197,0.01317959,0,0.052023901,0.030714756,0.012151826,0.011763892,0.079854941,0.019237885,0.163584713,0,0.060628723,0.055611114,0.14056724,0.355562752,0,0.092463659,0.14691337,0.048602157,0.061931184,0.051708769,0.02539593,0.045395406,0.092039736,0.042490038,0.026107064,0.103221345,0.035010578,0.162623982,0.159984283,0.050883682,0.040645447,0.069071372,0.05116907,0.009020364,0.04502632,0.105499464,0,0.021215856,0.069964483,0.013320906,0.019401937,0.027542357,0.047178427,0.045257938,0.130177538,0.016476306,0.165818587,0.02050662,0.079322298,0.060059932,0.06789985,0.043638383,0.036001282,0.071504616,0.121132654,0.04727855,0.02740277,0.025361875,0.547159774,0.025901422,0.038130185,0.032001024,0.021438965,0.024030779,0.019237885,0.0557603,0.048011157,0.012490733,0.020991857,0.051708769,0.006834103,0.013660871,0.020513522,0.015896396,0.021489233,0.100396882,0.036122039,0.128027911
7614-R-PF-CT,R,PF,CTX,Cont-CT,0.101304509,0.02429284,0.005214448,0.038632768,0.136438868,0.026391272,0.024332949,0.0246122,0.022484882,0.077965813,0.03179508,0.028437825,0.030154344,0,0.077436593,0.304397342,0.128336199,0.079883657,0.047397045,0.015793101,0.015463305,0.046080073,0.044988728,0.023556237,0,0.038979261,0.070043195,0.050283599,0.054913576,0.080820206,0.004135764,0.054380755,0.326433544,0.02358062,0.078979556,0.016650734,0.124705401,0.125594254,0.109362015,0.047258129,0.011902873,0.036329496,0.029746714,0.044835988,0.210323215,0.041531663,0.03118969,0.099656374,0.041082327,0.037328744,0.030979928,0.021362227,0.110581467,0.040839947,0.040956648,0.045110583,0.078010783,0.096032162,0.139153467,0.024638527,0.005285991,0.056865211,0.023434074,0.080271029,0.013425731,0,0.131502493,0.039205936,0.003294897,0.067512725,0.086071132,0.027046834,0.016705985,0.043671848,0.079347324,0.004809471,0.109300605,0,0.075381491,0.05380969,0.188850936,0.460558699,0.017896075,0.082439527,0.069458429,0.049150177,0.054480467,0.050114735,0.006348982,0.037208999,0.083017816,0.019820983,0.021558064,0.084975845,0.030057657,0.148437247,0.134055625,0.020830095,0.05210949,0.070260104,0.051354505,0.009369931,0.048244248,0.052822796,0.007298082,0.014093194,0.085730905,0.012116441,0.039142731,0.03714081,0.023875677,0.036844781,0.112494653,0.02035756,0.13495075,0.022511523,0.035044568,0.077972061,0.054991363,0.069974219,0.00900032,0.080520424,0.109099275,0.036943233,0.062518948,0.019966701,0.529111611,0.032159885,0.028346018,0.024297545,0.020834353,0.017850948,0.063031722,0.042630152,0.040420333,0.01294698,0.015726463,0.022413646,0.011520484,0.015882936,0.036099272,0.033440472,0.005372308,0.06544377,0.044120029,0.121549602
7614-R-T-COUPTF2,R,T,CTX,COUPTF2,0.12071701,0.024386947,0.018946497,0.024258914,0.109785257,0.055561088,0.033547501,0.019968077,0,0.074357949,0.044326398,0.020836047,0.026791588,0,0.105063262,0.320719559,0.147279247,0.07821041,0.078446454,0.018289453,0.013201392,0.03774929,0.030503584,0.02304123,0,0.039852816,0.092287412,0.047883827,0.084998056,0.121114147,0.024774571,0.045798858,0.310110224,0.031903899,0.078786878,0,0.099149438,0.127682673,0.125757334,0.057073015,0.013738649,0.030182331,0.009421393,0.02913995,0.234335859,0.016914365,0.037201428,0.067459023,0.02208846,0.04113134,0.025901174,0.021840369,0,0.038544304,0.024518201,0.040551187,0.077639935,0.095165164,0.132641828,0.036198477,0.033188196,0.043466179,0.015529248,0.016689863,0.055972382,0,0.145844306,0.022040658,0,0.088526779,0.144261607,0.024229819,0.03179815,0.040746806,0.03366698,0.019305883,0.040752543,0.010502197,0.076719067,0.141486596,0.210673349,0.515846955,0.018870444,0.025975243,0.053574845,0.032400178,0.086769566,0.049953191,0,0.051349617,0.136914709,0.056158782,0.023020463,0.046102045,0.034470465,0.164652852,0.182331516,0.011350453,0.058299942,0.048117586,0.039420826,0,0.050403264,0.047049057,0.00984374,0.012431716,0.104591696,0.020657013,0.053115651,0.054404328,0.029486789,0.046405654,0.130773228,0.017979874,0.131719451,0.015625,0.074389471,0.08702784,0.10173389,0.029677006,0,0.069508377,0.094002789,0.046239839,0.038227573,0.021560539,0.517787373,0.031316972,0.012038149,0.038887752,0.027212773,0.024686969,0.082835276,0.042001344,0.03891155,0.009740927,0.01582128,0,0.032474684,0.013738001,0.05045046,0.047598814,0.016658571,0.090472565,0.056120326,0.075771184
7614-R-T-TBR1,R,T,CTX,TBR1,0.123267007,0.012046444,0.008819563,0.023458091,0.109653679,0.050415845,0.03506537,0.033888031,0.00938192,0.091546396,0.072551034,0.021192022,0.040371222,0,0.102621667,0.277684605,0.164495067,0.050543097,0.049652467,0.021576593,0.019450689,0.036285751,0.067879296,0.030870962,0,0.031219527,0.079995224,0.043549812,0.057315042,0.077873109,0.024166648,0.06111064,0.348363284,0.037364797,0.057042055,0,0.121733103,0.147109399,0.167503177,0.065480068,0.01816681,0.027158093,0.07501517,0.028291817,0.231153842,0.021716051,0.033874734,0.065963659,0.032117096,0.030476098,0.02499063,0.037542553,0,0.056821851,0.02597797,0.046082015,0.087419419,0.073635986,0.167466885,0.041598305,0.020942695,0.034484623,0.029011925,0.018082266,0.067946251,0.016861385,0.181404691,0.02940064,0,0.058158916,0.099615861,0.048515907,0.086139089,0.050089526,0.052280154,0,0.076806172,0.007293056,0.098943454,0.105157742,0.12435192,0.479799636,0.016432498,0.061572515,0.061768981,0.027800771,0.060439789,0.041518266,0,0.042370002,0.103032574,0.10241115,0.0254483,0.075253803,0.026940019,0.178284683,0.192023294,0,0.046470989,0.071001423,0.031377938,0,0.034807621,0.096239735,0,0.061224971,0.090297305,0.031335801,0.050375908,0.055492295,0.076628558,0.044571688,0.067558813,0.024273799,0.159041082,0.02089844,0.015562435,0.023338637,0.048568243,0.026411992,0.007909897,0.084648694,0.110418453,0.046086888,0.037619514,0.024105135,0.530868946,0.027774716,0.021219722,0.027579232,0.03335982,0.025925037,0.082026063,0.043529721,0.044077493,0.013424935,0.015182917,0.018421643,0.020368965,0.009336421,0.036118989,0.033931789,0.019822394,0.096593081,0.054876227,0.127463016
7614-R-T-CT,R,T,CTX,Cont-CT,0.121354509,0.021301821,0.016414764,0.024058708,0.109752363,0.054274777,0.033926968,0.023448065,0.00234548,0.078655061,0.051382557,0.02092504,0.030186497,0,0.104452863,0.30996082,0.151583202,0.071293581,0.071247957,0.019111238,0.014763716,0.037383405,0.039847512,0.024998663,0,0.037694494,0.089214365,0.046800323,0.078077303,0.110303887,0.02462259,0.049626803,0.319673489,0.033269124,0.073350673,0,0.104795354,0.132539354,0.136193795,0.059174778,0.014845689,0.029426271,0.025819837,0.028927917,0.233540355,0.018114787,0.036369754,0.067085182,0.024595619,0.03846753,0.025673538,0.025765915,0,0.04311369,0.024883143,0.041933894,0.080084806,0.08978287,0.141348092,0.037548434,0.030126821,0.04122079,0.018899918,0.017037964,0.058965849,0.004215346,0.154734402,0.023880654,0,0.080934813,0.13310017,0.030301341,0.045383385,0.043082486,0.038320274,0.014479412,0.04976595,0.009699912,0.082275163,0.132404382,0.189092992,0.506835125,0.018260958,0.034874561,0.055623379,0.031250326,0.080187121,0.04784446,0,0.049104713,0.128444175,0.067721874,0.023627422,0.053389984,0.032587853,0.16806081,0.184754461,0.008512839,0.055342704,0.053838545,0.037410104,0,0.046504353,0.059346726,0.007382805,0.02463003,0.101018099,0.02332671,0.052430715,0.05467632,0.041272231,0.045947163,0.114969624,0.019553355,0.138549858,0.01694336,0.059682712,0.071105539,0.088442478,0.028860753,0.001977474,0.073293456,0.098106705,0.046201601,0.038075559,0.022196688,0.521057766,0.030431408,0.014333542,0.036060622,0.028749535,0.024996486,0.082632973,0.042383438,0.040203036,0.010661929,0.015661689,0.004605411,0.029448254,0.012637606,0.046867592,0.044182058,0.017449527,0.092002694,0.055809301,0.088694142
7614-L-9-Ins-DLX1,L,Ins,CTX,DLX1,0.109011445,0.020215948,0.085973474,0.087468313,0.06911501,0.027844701,0.021267932,0.040640283,0.03665521,0.040680357,0.087170098,0.078141878,0.11730552,0,0.011888766,0.230546545,0.080045307,0.14206739,0.034720015,0.023797722,0.081923192,0.036664517,0.038512847,0.075313337,0.009476226,0.0673079,0.125922641,0.030969995,0.113221527,0.039285605,0.032113583,0.110880351,0.346802439,0.025832193,0.026103344,0.012953194,0.064143319,0.08419223,0.118197464,0.053826057,0.062207069,0.102673586,0.009208478,0.03195198,0.253613025,0.047285612,0.095849017,0.049428229,0.032206313,0.095881147,0.09349249,0.123289303,0,0.024687219,0.025553811,0.049932828,0.136486854,0.014631187,0.033337038,0.02457154,0.039598656,0.034745409,0.122574298,0,0.021018889,0.047074548,0.102215986,0.039959528,0.029764673,0.094708812,0.055921433,0.132942816,0.016243529,0.051872198,0.092917116,0.083077316,0.030400895,0.060556371,0.072199007,0.057479516,0.168977805,0.505629864,0.075675611,0.148839032,0,0.111615994,0.043280631,0.04971342,0.023157912,0.157297182,0.085034852,0.026309413,0.094999245,0.180622535,0.040084976,0.026658506,0.031193281,0.011131055,0.056589441,0.097878966,0.047408351,0.097374793,0.04673012,0.022045478,0.03218356,0.01677477,0.073100594,0.066662552,0.037722422,0.040759375,0.019017457,0.038854367,0.072475005,0.08881189,0.098750661,0.024081534,0.0174565,0.024508492,0.147756389,0,0.008111872,0.034160678,0.04784839,0.037111655,0.092621714,0.026225139,0.52079084,0.040295509,0.029580399,0.109343808,0.02871359,0.063053817,0.096920632,0.040880225,0.042295493,0.013336297,0.067708293,0.018403696,0.023795425,0.026704674,0.04842175,0.048446368,0.011524746,0.018255897,0.04851303,0.084941946
7614-L-F-34-DLX1,L,F,CTX,DLX1,0.027165177,0.016947692,0.118614337,0.038618963,0.107872183,0.020819783,0.022426185,0.010849076,0.016700721,0.027214537,0.172464933,0.105090454,0.104910864,0,0,0.211095341,0.15001095,0.086490532,0.022207148,0.026391288,0.012783272,0.044068831,0.025003907,0.038752636,0.031180872,0.026392054,0.147632737,0.042028494,0.174487352,0.022175184,0.017397225,0.03348717,0.43277867,0.016069225,0.024119154,0.015805462,0.041310975,0.02496535,0.04318447,0.064490633,0.02936312,0.071066905,0,0.0164577,0.272730822,0.016770248,0.117123596,0.056916672,0.033129963,0.120864526,0.056409982,0.082685112,0,0,0.022888929,0.044946657,0.179805242,0.01964034,0.075148275,0.02544933,0.030478457,0,0.066472457,0,0.011569395,0.027355858,0.048084704,0.024428056,0,0,0.014554792,0.068897282,0,0,0.057370346,0.067866029,0.024059355,0.024737847,0.034810663,0.018126177,0.184416611,0.217097754,0.04697373,0.102218529,0.023423208,0.136314431,0.070855759,0.048600504,0,0.089812439,0.093928881,0.012273404,0.054640129,0.148873465,0.039608121,0.090800346,0.082196023,0,0.043429995,0.147708616,0.04873021,0.061441403,0.045251317,0.022272875,0,0.016981502,0.084537386,0.11381444,0.045074894,0.043662988,0.01942755,0.016504707,0.050742793,0.033576714,0.03357817,0.017462088,0.011370981,0.018023626,0.096398251,0,0.014864241,0.021384321,0.040262835,0.034296355,0.040406102,0.152141474,0.523776524,0.0248452,0.012168008,0.142868577,0.021571572,0.028550719,0.042086001,0,0.031098521,0.02575497,0.087955423,0.1329386,0.007528166,0,0.028553952,0.02213043,0.018728431,0.02132201,0.043652617,0.043628273
7614-L-O-DLX1,L,O,CTX,DLX1,0.062029925,0.017050272,0.0816219,0.074356046,0.07038736,0.024044958,0.022809896,0.044261222,0.015371887,0.018522224,0.08420641,0.061791126,0.087920552,0,0.033449161,0.275748257,0.098690466,0.158632412,0.090801335,0.015625954,0.020151027,0.051934914,0.032098759,0.027449334,0,0.049048689,0.080294513,0.043798537,0.13520099,0.075545297,0.119826102,0.058157705,0.332877292,0.017182105,0.016966708,0,0.032198555,0.050048985,0.050145949,0.043008748,0.13623713,0.093113692,0.014809805,0.04540246,0.290509409,0.030230515,0.1717349,0.052420788,0.025928633,0.075087141,0.051796041,0.139369801,0,0,0.018471072,0.031567582,0.103422566,0.053306624,0.052320154,0.034251396,0.020568122,0.018721865,0.055465097,0.007711267,0.00984088,0,0.057928445,0.087258125,0.027241788,0.106527334,0.076015477,0.130156473,0,0.07719664,0.127197547,0.137858034,0.029892394,0.121416699,0.029694503,0.079837436,0.198101142,0.511715906,0.046925658,0.157055177,0.012009034,0.105836747,0,0.052115731,0.024846158,0.156612061,0.101116157,0.020632815,0.108873204,0.105576357,0.086758741,0.053706214,0.051987524,0.013955677,0.051330285,0.072863113,0.038986752,0.128847365,0.046556044,0.018150345,0.015348331,0.01351228,0.063675983,0.05335635,0.050608428,0.049652102,0.021356506,0.054347407,0.065273416,0.099844115,0.052480527,0.027830619,0.019427812,0.02364974,0.155533366,0.009319782,0,0.025019119,0.025791963,0.046166246,0.122798441,0.028590531,0.52554839,0.067289957,0.023749686,0.032692572,0.026466925,0.029261426,0.113137085,0.029806292,0.033903175,0.015124918,0.107711335,0.0146291,0.016971106,0.022895999,0.057825692,0.050429822,0.023054698,0.024992191,0.049384974,0.137116057
7614-L-PF-DLX1,L,PF,CTX,DLX1,0.113898959,0.022504607,0.089562215,0.151522882,0.076696499,0.048478617,0.0325214,0.046778027,0,0.039725518,0.066666667,0.064657575,0.059515465,0,0,0.20224411,0.10519695,0.143768186,0.052655895,0.085560763,0.086915456,0,0.061313934,0.066519011,0.080669649,0.103142125,0.101164776,0,0.132180698,0,0,0.131306433,0.404519917,0.054799662,0.014915408,0,0.051495032,0.070505337,0.102523435,0.082107083,0.01432193,0.032599068,0,0.088503662,0.337586562,0.087469381,0.12563256,0.116012716,0.052075564,0.080779239,0.163663418,0.095709484,0.051708769,0.040893041,0,0.028883564,0.113292276,0,0.04794633,0.019828238,0.044280744,0.046880723,0.061633355,0,0,0.073010208,0,0.087259459,0,0,0.038291979,0.103318923,0,0,0.063628476,0.08396038,0.027777778,0.010236643,0.06662966,0.023606319,0.169841555,0.262179766,0,0.124842787,0,0.120173644,0.105546163,0.052809513,0.05150262,0.155699789,0.057073015,0,0.109191364,0,0,0.056807638,0.094280904,0,0.152602986,0.049326362,0,0.052814773,0.061256389,0,0,0.022610782,0.344827586,0.049707936,0.306658988,0.308863937,0,0.065653216,0.111111111,0.05122315,0.102597835,0.030528126,0,0.018670401,0,0,0,0.03815238,0.073543551,0,0.116201463,0.070285234,0.530202022,0,0,0.107486155,0.019638067,0.029275957,0.097243328,0,0,0.245753717,0.036155076,0.06193801,0.04799303,0.037216146,0,0,0.018281811,0.031341957,0.361602792,0.108465229
7614-L-T-DLX1,L,T,CTX,DLX1,0.073347954,0.011107912,0.069305581,0.163377756,0.079382601,0.029614197,0.029909862,0.059211808,0.028379372,0.064763982,0.078007645,0.063210859,0.097592453,0,0.051533956,0.23562512,0.119093821,0.104831138,0.079648644,0.039942524,0.068795716,0.034782755,0.038733355,0.05611918,0.00922924,0.154543511,0.094950341,0.030701311,0.121019663,0.052801838,0.061154975,0.060559736,0.332495955,0.047100864,0.030549861,0,0.052047418,0.052613364,0.084836549,0.036853813,0.070491631,0.044710183,0,0.024546499,0.265320412,0.111087869,0.142379712,0.079919056,0.059220308,0.086554468,0.064598051,0.079647877,0.081923192,0.018273415,0.023776972,0.037011661,0.11865474,0.046505912,0.049770114,0.026313765,0.056132986,0.034415049,0.061630182,0,0.015338097,0.016252108,0.059856516,0.057906588,0,0.016658571,0.064502147,0.099423064,0.017485653,0.015076424,0.114050928,0.070222663,0.046835516,0.081725365,0.052270837,0.048002991,0.183564948,0.23738056,0.040854492,0.096870002,0,0.11441151,0.066245366,0.046500626,0.044290766,0.120824419,0.06679713,0.019545678,0.06975381,0.108089579,0.025690337,0.052921907,0.052510503,0.027501966,0.038518561,0.099182853,0.047647868,0.086140771,0.041291081,0.018287312,0.022872791,0.007673939,0.07059216,0.060329987,0.023718102,0.025172782,0.013825032,0.041404844,0.065040557,0.039274488,0.086217862,0.015327583,0.019243821,0.024903684,0.086063141,0,0,0.033436823,0.061476982,0.031031568,0.107837097,0.013663421,0.570130258,0.059585999,0.012316305,0.030003188,0.034177965,0.029155634,0.04641669,0.026619857,0.037603885,0,0.047899555,0.033177032,0.052125177,0.022323737,0.03136448,0.0173992,0.018288688,0.021262163,0.057428552,0.09709885
7614-R-5-Ins-DLX1,R,Ins,CTX,DLX1,0.139253394,0.018030461,0.018617746,0.075804964,0.114917099,0.031611284,0.029308001,0.02198466,0.009869115,0.092538659,0.086841684,0.024169421,0.023604226,0.020172199,0.08788148,0.232083364,0.172619729,0.038573104,0.057142857,0.025377523,0.008995512,0.050805835,0.030825217,0.030393873,0,0.085696798,0.028469931,0.047258119,0.077942573,0.092732163,0.017698422,0.049671535,0.344587907,0.01369863,0.0442711,0.011680936,0.088248786,0.115531997,0.187418256,0.055571638,0.02469324,0.029807015,0.070996507,0.041576537,0.230374333,0.070171081,0.03179815,0.053262364,0.013625319,0.03331252,0.02439605,0.018229488,0,0.078274975,0.015996417,0.04098835,0.026476716,0.066231229,0.115572831,0.021723736,0.023599087,0.04003433,0.017389332,0.070364661,0.071355797,0,0.186329553,0.032087856,0,0.094184789,0.08247861,0.026902043,0.019513046,0.06156796,0.029825604,0.018824415,0.154034222,0,0.043211564,0.08619521,0.139784741,0.509533772,0.016157078,0.043552738,0.150106028,0.035830909,0.087395118,0.048660897,0.010085073,0.036638459,0.146241513,0.03946847,0.021730574,0.079651395,0.025742776,0.118195222,0.115606661,0.068718678,0.063060354,0.076798211,0.066673109,0.013993886,0.042438079,0.06333562,0,0.008625178,0.090914783,0.016803756,0.050698754,0.051937416,0.02169713,0.043036469,0.10101103,0.031461167,0.166489456,0.034046972,0.031158848,0.036262405,0.028584395,0.052316599,0.031513792,0.079039549,0.131125405,0.047152361,0.017165011,0.020808962,0.525011601,0.031580697,0.026191835,0.018623395,0.026554782,0.026853501,0.111869765,0.041327254,0.039898569,0.06176337,0.025782674,0.009275975,0.018607536,0.016468112,0.064986558,0.05684793,0.018947914,0.091490632,0.047427644,0.129713628
7614-R-F-DLX1,R,F,CTX,DLX1,0.065243167,0.028137093,0.011704115,0.061864149,0.127069301,0.025008685,0.028131835,0.025347516,0.014982219,0.114205057,0.07017053,0.034005158,0.028716768,0,0.049381006,0.288830553,0.181968631,0.038536565,0.136422814,0.01881997,0.015763187,0.042353621,0.035018806,0.033437524,0.016628603,0.087422198,0.030153419,0.037799447,0.086046256,0.04662524,0.026011343,0.062275163,0.352700426,0.019254996,0.108303748,0.017720175,0.067502095,0.137175815,0.212052661,0.056814824,0.010599979,0.024595204,0.008255727,0.043256235,0.245472452,0.03545813,0.033670559,0.08293906,0.020678348,0.030487112,0.034862348,0.023610805,0,0.044405304,0.023747901,0.051189142,0.036538334,0.027510471,0.133904174,0.030902581,0.015808754,0.075085959,0.03870565,0.016576205,0.03513475,0,0.217673026,0.022150328,0.012152723,0.100838003,0.041980911,0.023285743,0.068547273,0.069701504,0.109870884,0.01753307,0.108407794,0.009455868,0.020907573,0.039783957,0.128672253,0.493536004,0.018491271,0.033916172,0.093706245,0.083228693,0.033825505,0.053260142,0.019456579,0.05793998,0.084997151,0.066986985,0.036412103,0.08477094,0.024233207,0.188870878,0.17768581,0,0.049033399,0.080505107,0.056854569,0,0.039836738,0.12435239,0.014836403,0.083406955,0.077974143,0.010494098,0.050369439,0.051303918,0.029425556,0.040980112,0.094164041,0.021393943,0.212099655,0.022046684,0.022841411,0.022792115,0.041647089,0.030770445,0.019645103,0.054216309,0.130289786,0.034717479,0.041225285,0.021552954,0.519235992,0.029122234,0.108934745,0.038921101,0.023171378,0.025468582,0.049806868,0.066948872,0.046927404,0.063044983,0,0.036943043,0.013635131,0.01911239,0.063897688,0.063911741,0.027671227,0.115365224,0.049392357,0.141086548
7614-R-O-DLX1,R,O,CTX,DLX1,0.097377563,0.026113768,0.019188239,0.081853304,0.124986248,0.026558034,0.023322582,0.023376229,0.020687491,0.142355038,0.125358356,0.016910334,0.031123614,0.046155453,0.083886494,0.300869428,0.151968352,0.066789474,0.084039833,0.030067297,0.014596855,0.030406918,0.04410652,0.028632264,0.009040616,0.077263928,0.048064589,0.047398156,0.133374696,0.050306364,0,0.089305888,0.359979584,0.034503278,0.028590286,0.01738539,0.061255447,0.165205032,0.120859247,0.052677596,0.011504136,0.027330669,0.101592819,0.041922181,0.23765706,0.045170457,0.036199466,0.117277345,0.032077765,0.043808168,0.025028695,0.018739937,0,0.041603515,0.015180293,0.047922729,0.051150789,0.096058028,0.142383086,0.026923431,0.013734761,0.046960348,0.023956343,0.031831359,0.086950734,0,0.150187852,0.026266463,0.013993201,0.103881504,0.052397992,0,0.054374958,0.072072467,0.058382071,0,0.112861737,0,0.034816938,0.039769708,0.177506054,0.527032241,0.017519611,0.054591121,0.097847657,0.069469692,0.038102151,0.047777485,0.028636959,0.074630098,0.112901013,0.076903077,0.020696793,0.050449968,0.038810965,0.154896388,0.161427697,0.010505384,0.062408648,0.140765212,0.056081224,0,0.055065573,0.052523742,0,0.043017503,0.076828782,0.032010131,0.052628775,0.052698998,0.065835512,0.045774861,0.104733279,0.024961029,0.127123828,0.038859434,0.019873216,0.033437354,0.066544844,0.023930796,0.052766551,0.098978553,0.192032694,0.046994474,0.051336082,0.017502161,0.525284179,0.035587067,0.015625,0.02577782,0.019470588,0.025487532,0.043918052,0.04397995,0.040804432,0.012817353,0.02739469,0.008732043,0.006973257,0.018162315,0.056467243,0.052627841,0.023698279,0.065335317,0.05320531,0.072807309
7614-R-P-DLX1,R,P,CTX,DLX1,0.110915665,0,0.018208926,0.108337848,0.078892752,0.066284788,0.062786793,0.034815531,0,0.128893051,0.07583705,0.027586863,0.023612899,0.017119674,0.036369648,0.297243021,0.164601325,0.089540453,0.048940878,0.031357362,0,0.046726931,0.022479006,0.027607882,0.03902857,0.046778027,0.096180527,0.023583332,0.141441857,0.039888468,0,0.044237396,0.38095453,0.026343168,0.033379726,0,0.064356348,0.109479435,0.188073663,0.0632772,0,0.02907419,0,0,0.213931275,0.098923873,0.030233703,0.031830351,0.042088944,0.055131785,0,0.0362977,0,0.032108065,0,0.048056933,0.104257207,0.079750099,0.165927565,0,0,0,0.02071677,0,0,0,0.120211759,0.028375218,0,0.087818462,0.080425775,0,0,0.054272535,0.075628917,0,0.082182143,0,0.104370715,0.055384878,0.170457297,0.522605934,0.024485105,0.109622842,0.10489254,0.082823645,0,0.058545641,0,0.038504281,0.041612519,0.147474674,0,0.021039813,0.034269493,0.172616661,0.145710063,0,0,0.136467878,0.046676003,0,0.038778337,0.057091614,0.03800057,0,0.060412209,0.020915194,0.034179296,0.034199278,0,0.057306826,0.069208249,0,0.118737908,0.030351844,0.015283661,0.026148818,0.107889812,0,0.096585929,0.023162053,0.126353342,0.050951487,0.03126527,0,0.529388578,0.03592106,0.018095287,0.033167906,0.027767067,0,0,0.051847585,0.065325533,0.029604462,0,0,0.019142481,0,0.068897282,0.065025609,0,0,0.033004918,0.079783284
7614-R-PF-DLX1,R,PF,CTX,DLX1,0.087959899,0.02158413,0,0.135581536,0.126687754,0.073601074,0.021373573,0,0.04794633,0.057702979,0.062883271,0,0.031685329,0,0.044743737,0.235113739,0.117697977,0.080713431,0.072357461,0,0,0,0.038984059,0.053896806,0.051375023,0.142614807,0.047001394,0,0.071857576,0.044237396,0,0.101273937,0.351508868,0.034668762,0.059773989,0,0.082893766,0.071216931,0.128276909,0.0371904,0.010501329,0,0,0.09151617,0.193770312,0.048045838,0.037796447,0.081494578,0.043919313,0,0.181855759,0.026851081,0.133710234,0,0.092406166,0,0.048592953,0.08588755,0.17207093,0.032629423,0,0.062938602,0,0.062398522,0.050443327,0,0.147441956,0,0,0,0.035533453,0.026234162,0,0.073323558,0.078086881,0.026659558,0.163745115,0.008560151,0.070089201,0.027101919,0.163420413,0.195865187,0,0.096280779,0.174635599,0.044374065,0.069440323,0.054983431,0.052414242,0.056553464,0.101101261,0.06415003,0.026172989,0.096673649,0,0.114630939,0,0.100758544,0.131448156,0.130327042,0.074023321,0.036735918,0.049058525,0.115032666,0,0,0.348742916,0.019117978,0.253528864,0.249922684,0.040756957,0,0.053528773,0.036429933,0.1637777,0.03592106,0.082518716,0.064941118,0.1488875,0.097940421,0,0.046752458,0.089634143,0,0.04787759,0.02880756,0.508374796,0.029430865,0,0,0.016572562,0.024424777,0.046676003,0,0,0.032862039,0,0.035168997,0,0.03400102,0.088045091,0.088388348,0.033030114,0.111005743,0.251400571,0.123560413
7614-R-T-DLX1,R,T,CTX,DLX1,0.099640633,0.023718166,0.02007711,0.089425413,0.085524668,0.04717416,0.028288043,0.026346216,0.016075453,0.106377286,0.098395699,0.019513356,0.041110713,0.019329569,0.088761734,0.270935688,0.133163652,0.055831342,0.09765434,0.028192593,0.017930478,0.045859017,0.084676869,0.03553766,0,0.085114833,0.072932496,0.041356696,0.088942716,0.119720778,0.0139252,0.118258033,0.377153313,0.066226618,0.054635836,0.012960807,0.100683413,0.13937044,0.15189774,0.06073414,0.012066598,0.034502197,0.064512657,0.040605475,0.239261201,0.066596022,0.040927275,0.059122627,0.023696727,0.032406404,0.030985519,0.025708017,0,0.085846817,0,0.035511041,0.075966442,0.076318091,0.143489762,0.034372003,0.013203118,0.049045879,0.031253815,0.029212578,0.077654045,0.009081158,0.147572957,0.029507642,0.031660792,0.113869807,0.114902744,0.045325066,0.07932962,0.102098501,0.051317336,0,0.085817537,0,0.068894413,0.106140387,0.133001453,0.548012369,0.014982219,0.059541136,0.083969325,0.087900735,0.075174405,0.048094713,0.02663643,0.057373723,0.091240418,0.085128245,0.028316381,0.072304902,0.030016138,0.15034367,0.139583962,0.027800771,0.052064056,0.084461816,0.048769609,0.009396405,0.048492864,0.151689367,0,0.058725843,0.068090185,0.02464411,0.050207008,0.051382821,0.063462756,0.037262625,0.070264951,0.026813651,0.13741561,0.041704394,0.023145296,0.033262014,0.052197841,0.010143532,0.007338276,0.076130212,0.119312828,0.05357168,0.052210246,0.026631182,0.520495227,0.017816473,0.026082709,0.016762981,0.018726789,0.023224434,0.084342559,0.123337008,0.045654738,0.037997522,0.012633959,0.012392516,0.013557531,0,0.064982119,0.060576116,0.027797446,0.149392078,0.056487678,0.106103506
7614-L-9-Ins-D-T,L,Ins,CTX,D-T,0.104278974,0.020154708,0.086730245,0.106172534,0.072503909,0.027097829,0.021138109,0.049310329,0.033811807,0.04422283,0.095023028,0.095613611,0.129809636,0,0.012042848,0.216479825,0.076601073,0.146057138,0.031891067,0.024594353,0.089484574,0.033425842,0.039966918,0.08809863,0.00965759,0.079923791,0.127449646,0.029818285,0.119420203,0.032221319,0.037172851,0.134751955,0.364756058,0.023591637,0.028547587,0.017270925,0.064778802,0.087688018,0.131622044,0.055963949,0.074245199,0.103604218,0.012277971,0.029049113,0.244140775,0.053650911,0.084204152,0.056491604,0.036244744,0.098937863,0.088520219,0.133024547,0,0.025797863,0.025407648,0.053972284,0.14465919,0.014003681,0.037843541,0.023919072,0.048063999,0.03613268,0.133669873,0,0.022963337,0.046215031,0.097669018,0.04299444,0.039686231,0.104811216,0.053932772,0.139378416,0.016713931,0.057842337,0.092497381,0.081650403,0.032919332,0.059282128,0.072646199,0.063196438,0.155555911,0.502193588,0.078449208,0.143746896,0,0.125959439,0.057707509,0.05025801,0.030877216,0.148759654,0.097088923,0.030082527,0.091339013,0.180009517,0.04437253,0.027187476,0.034527299,0.014841407,0.060824401,0.120721095,0.048781887,0.091986149,0.043790594,0.022676735,0.038511525,0.018640162,0.070903156,0.065117027,0.039375262,0.042837889,0.018144237,0.036594963,0.068700787,0.090351065,0.091298098,0.024835771,0.013405944,0.023891068,0.157558313,0,0.010815829,0.03519731,0.058053288,0.035668656,0.094643071,0.027822992,0.522568101,0.036725198,0.030098335,0.111462779,0.029559727,0.067301926,0.086826784,0.044537824,0.038972645,0.014766836,0.058113877,0.019590433,0.031727234,0.029330871,0.051753782,0.055778337,0.008364284,0.017665445,0.0497335,0.105955004
7614-L-F-D-T,L,F,CTX,D-T,0.027537229,0.014058331,0.121538905,0.042260745,0.114190174,0.020742223,0.021519913,0.009171093,0,0.026961812,0.189376536,0.127833775,0.10745438,0,0,0.209380322,0.149277394,0.087108569,0.019420027,0.014546779,0,0.044563687,0.018077987,0.036024405,0.025892345,0.030002241,0.134539986,0.042294606,0.182653309,0.017274978,0.016411921,0.030064612,0.433458265,0.01436962,0.027283722,0.01785029,0.049261047,0.00213152,0.051584064,0.069255795,0.03578674,0.063448013,0,0.007743123,0.274912345,0.014416815,0.112105572,0.07186171,0.038860819,0.124769926,0.052732547,0.088857031,0,0,0.022909333,0.046147239,0.177894656,0.022658745,0.058893502,0.02164227,0.035672396,0,0.063432311,0,0.008613769,0.027296998,0.051890292,0.013916427,0,0,0.01541516,0.069362054,0,0,0.060531854,0.060347441,0.025107071,0.032983796,0.03293359,0.011545052,0.200973441,0.109223219,0.0284432,0.109879941,0.031230944,0.134522813,0.073781634,0.049586766,0,0.07956596,0.089491019,0.012755288,0.043176717,0.145531548,0.031274303,0.082131359,0.075613635,0,0.038796164,0.145552375,0.05643922,0.059479907,0.046014416,0.023865569,0,0.019215124,0.089741186,0.110602722,0.043621753,0.041466687,0.0259034,0.007578154,0.054082258,0.022286556,0.036064492,0.015864379,0.005797374,0.015927154,0.098336575,0,0.01733997,0.021430755,0.046379727,0.033401469,0.029894886,0.154541045,0.528582684,0.020752184,0.009054216,0.14939027,0.019934414,0.030439481,0.025599767,0,0.027295312,0.029675864,0.085639968,0.128370669,0.007808286,0,0.014187977,0.006686971,0.018753461,0.024555211,0.03729801,0.05203345
7614-L-O-D-T,L,O,CTX,D-T,0.065802637,0.016643489,0.083546548,0.084672553,0.070206901,0.025654424,0.013148062,0.053661548,0.011515377,0.015152993,0.095097545,0.059321557,0.099935224,0,0.036768198,0.270084152,0.106901572,0.160889537,0.08380571,0.013896181,0.022045468,0.04757135,0.027640021,0.026676016,0,0.05510155,0.085624785,0.043337877,0.13717711,0.064487821,0.12156174,0.058897435,0.331156064,0.013971188,0.0190008,0,0.036498809,0.058906693,0.051884385,0.042473885,0.146689211,0.095345897,0.019746406,0.046525569,0.290506312,0.03182644,0.167107433,0.054439744,0.025391595,0.079366854,0.058994218,0.143126848,0,0,0.016810345,0.020437782,0.116926631,0.051674138,0.053287998,0.034898314,0.01894517,0.024962487,0.063432603,0.006858336,0.005112455,0,0.069202881,0.098855787,0.036322384,0.105623422,0.07528524,0.128237886,0,0.083781986,0.135447504,0.151948063,0.031599874,0.126892335,0.032931331,0.080328094,0.194955433,0.508343828,0.050141805,0.15561836,0.01026748,0.109943744,0,0.054042448,0.029166968,0.152945133,0.101384331,0.018948925,0.110897294,0.097213124,0.091200852,0.059362153,0.05232846,0.01860757,0.051990252,0.073260553,0.03976448,0.127066805,0.046018623,0.01579257,0.016144172,0.01444287,0.067706383,0.065887948,0.051517793,0.048731389,0.023799022,0.05838359,0.065108013,0.098207521,0.0565343,0.029518001,0.017259052,0.021407989,0.151517938,0.012426376,0,0.025852156,0.026186912,0.046208661,0.12377337,0.034392762,0.523064845,0.054767265,0.021877135,0.034185488,0.020640378,0.039015234,0.119729851,0.031318412,0.030245739,0.015217821,0.103764976,0.015066936,0.018552936,0.024088302,0.057559457,0.050881764,0.020431414,0.028557612,0.047755787,0.144993015
7614-L-PF-D-T,L,PF,CTX,D-T,0.122847904,0.020343679,0.095567674,0.149089814,0.07451231,0.057918053,0.037896651,0.055314613,0,0.033100577,0.069767075,0.068530785,0.059089366,0,0,0.205351552,0.108461377,0.141239146,0.057873924,0.09383246,0.093112161,0,0.043200589,0.057971692,0.097888864,0.090842984,0.097776627,0,0.139710207,0,0,0.160475956,0.4286087,0.042850821,0.014360747,0,0.062644019,0.06585252,0.115740291,0.095452672,0.015655823,0.035302907,0,0.101441416,0.34601663,0.073255783,0.141603574,0.133816412,0.051203992,0.095710516,0.182114969,0.11064119,0.032356939,0.049112638,0,0.02364882,0.104943029,0,0.041825185,0.017294697,0.043175518,0.059559163,0.058964276,0,0,0.07660289,0,0.094097588,0,0,0.048014589,0.102363876,0,0,0.051956394,0.074120386,0.027717486,0.013648857,0.067647208,0.024671662,0.174364041,0.247366166,0,0.131197195,0,0.122759101,0.118164108,0.052631055,0.046466961,0.154035421,0.064420748,0,0.115018759,0,0,0.049765986,0.101318288,0,0.188001164,0.030948757,0,0.047448744,0.06415474,0,0,0.026312362,0.437551044,0.053200457,0.397865008,0.400444154,0,0.07131347,0.111453474,0.047147014,0.106104395,0.035478422,0,0.017238615,0,0,0,0.041938063,0.090872319,0,0.125743168,0.082096451,0.5338931,0,0,0.122723654,0.01656066,0.026596998,0.096693865,0,0,0.322961188,0.044614639,0.0545245,0.052443802,0.045120037,0,0,0.019243492,0.036345966,0.470517786,0.120266254
7614-L-T-D-T,L,T,CTX,D-T,0.079509708,0.011635154,0.07555436,0.144656243,0.081211323,0.031070937,0.028402232,0.073946575,0.032880946,0.0796855,0.070435982,0.066563486,0.105194301,0,0.056935318,0.226243662,0.133038443,0.107192092,0.07980597,0.046350738,0.072108258,0.037474655,0.039426905,0.060662399,0.012305654,0.139446376,0.095398374,0.029493006,0.12434546,0.05140041,0.053613106,0.059084051,0.331438912,0.058413921,0.034086888,0,0.054098045,0.049974904,0.096203361,0.033562774,0.070588817,0.041055054,0,0.021192039,0.258680166,0.095061278,0.14126217,0.096793144,0.068080443,0.089826347,0.067492899,0.075465562,0.109230923,0.024364553,0.021564738,0.03382989,0.132255592,0.052728913,0.046434709,0.024542337,0.0611153,0.03647369,0.061969395,0,0.017369918,0.021669477,0.063420158,0.055807084,0,0.018339122,0.055764553,0.092551794,0.01717834,0.01517591,0.116692137,0.065165477,0.050328305,0.086250342,0.054449277,0.046769906,0.185291416,0.206515082,0.042519388,0.095546445,0,0.114940288,0.063380554,0.044560537,0.034436056,0.117753753,0.056117892,0.018377229,0.071056549,0.108667355,0.02408616,0.06011449,0.058484176,0.032177888,0.039109858,0.098689544,0.049260027,0.080457017,0.041648055,0.018290368,0.026746999,0.004478118,0.070369632,0.064142974,0.024498526,0.02436038,0.015738623,0.040379842,0.058506746,0.04126489,0.088606534,0.003581952,0.020606183,0.023257055,0.086746351,0,0,0.025336692,0.067407575,0.024771938,0.106871256,0.005921829,0.58221881,0.064983654,0.010391129,0.020928061,0.034856882,0.034026773,0.044936027,0.027083781,0.040693027,0,0.04867652,0.035771353,0.066140423,0.02602238,0.032755846,0.01617607,0.016330545,0.021042741,0.061479165,0.091351347
7614-R-5-Ins-D-T,R,Ins,CTX,D-T,0.132600089,0.018806985,0.018295552,0.08553379,0.109833878,0.033910179,0.033736534,0.022932443,0.007361207,0.081334394,0.096822405,0.022908135,0.020903449,0.026896265,0.090095953,0.222881633,0.179945495,0.042067288,0.061871703,0.033836697,0.006747978,0.054323794,0.032674623,0.034537999,0,0.103948953,0.029878239,0.046638739,0.087140453,0.1070418,0.017462811,0.052016767,0.335495087,0.013494653,0.042080426,0.011570992,0.078842206,0.133943462,0.197723628,0.059114419,0.028610568,0.032040231,0.076224996,0.047484213,0.239586911,0.087121645,0.033220228,0.056519925,0.012573599,0.032817665,0.024176444,0.01943396,0,0.078557402,0.014594664,0.043522491,0.025504721,0.064169912,0.11807346,0.018784195,0.027880391,0.041158514,0.018968562,0.06431433,0.072654201,0,0.189513839,0.034690713,0,0.125579718,0.088060568,0.029432297,0.02061924,0.082090614,0.032085328,0.02509922,0.152860256,0,0.052814657,0.0902887,0.125207079,0.542407759,0.014974228,0.050401184,0.150939278,0.041614788,0.089111334,0.045189135,0.009901668,0.035824251,0.158297833,0.047264526,0.023781378,0.08479849,0.026204721,0.126991977,0.122656197,0.061513182,0.065506749,0.083058705,0.074344668,0.018658515,0.041338857,0.059876737,0,0.005673319,0.089905618,0.015147763,0.051582625,0.052312511,0.022089651,0.04374952,0.08078225,0.034987141,0.172726949,0.039442157,0.034064269,0.038031303,0.029908499,0.069755465,0.039148237,0.086091378,0.120055531,0.047833137,0.01880583,0.020515288,0.528780004,0.032706862,0.02672999,0.017625228,0.02857457,0.031191472,0.115039939,0.050117876,0.041897034,0.079058889,0.034376899,0,0.022286316,0.014549709,0.075407657,0.067546732,0.017635242,0.104968133,0.047370665,0.135701609
7614-R-F-D-T,R,F,CTX,D-T,0.064664085,0.029449105,0.010832203,0.074631408,0.114021626,0.025189931,0.029077422,0.028925964,0.01342319,0.116435088,0.06646202,0.037317588,0.030276065,0,0.051609835,0.285825364,0.184348371,0.040779129,0.137813474,0.016423823,0.015170709,0.040193229,0.036004596,0.033944604,0.022171471,0.108144456,0.033830035,0.035293892,0.092184452,0.052668345,0.029413962,0.058528052,0.346840266,0.018465453,0.109585382,0.019884651,0.059392911,0.128610851,0.207628819,0.059951584,0.010209835,0.023642873,0,0.042779441,0.244221812,0.037904863,0.034618098,0.091769331,0.021152085,0.0270751,0.036548974,0.024174598,0,0.041582823,0.031663867,0.058818059,0.039570111,0.021513436,0.122623162,0.030966675,0.010412695,0.076183701,0.043919773,0.017768825,0.037133475,0,0.217165947,0.021313781,0.009901972,0.099178604,0.055974548,0.022980321,0.078761396,0.067267808,0.101796627,0.016970723,0.10153461,0.012607825,0.021962684,0.044820462,0.127382995,0.493955064,0.021852126,0.033147694,0.085660598,0.087332316,0.026087853,0.052851956,0.023006813,0.059218447,0.083737139,0.065098986,0.038656202,0.088580935,0.024993619,0.19109741,0.174318451,0,0.049395756,0.08221138,0.059467007,0,0.038377062,0.129218341,0.016823201,0.091810506,0.081052875,0.008038642,0.052315087,0.053174836,0.029778437,0.039661964,0.091563327,0.022164213,0.2081975,0.023038198,0.027085287,0.021762512,0.048859894,0.033212016,0.026193471,0.05553831,0.134522297,0.030157492,0.04064034,0.02301897,0.515535041,0.027245011,0.112934885,0.042859631,0.021631036,0.024730833,0.052407148,0.062716918,0.045083078,0.079127161,0,0.031065476,0.013679573,0.021369528,0.064982237,0.067124809,0.033379569,0.119291154,0.048488905,0.149722144
7614-R-O-D-T,R,O,CTX,D-T,0.104752341,0.030250433,0.021052281,0.099264717,0.125794954,0.024334416,0.019425391,0.026281119,0.020588347,0.131913276,0.129084426,0.014676024,0.03377014,0.061540604,0.072562469,0.304425261,0.155573723,0.064440472,0.083472707,0.033753632,0.016848396,0.027913032,0.039389204,0.027193922,0.009221759,0.095382925,0.052829851,0.047062632,0.137182387,0.057065263,0,0.096471824,0.357354822,0.029502524,0.021522578,0.014104413,0.049423841,0.15308649,0.115712893,0.052811512,0.009708507,0.026728176,0.113577402,0.039794935,0.250965114,0.052374895,0.038734361,0.113577241,0.037882292,0.042807779,0.025771853,0.016731137,0,0.047245705,0.012458513,0.048086571,0.053904361,0.094839919,0.136270006,0.023928939,0.012133814,0.056584995,0.022869349,0.032308673,0.083881549,0,0.157185511,0.021710489,0.013790773,0.109199147,0.055221375,0,0.045219807,0.08133348,0.06129825,0,0.121939961,0,0.031785797,0.038099705,0.173540241,0.536855202,0.013947378,0.048031966,0.100929837,0.073467903,0.033537265,0.046645706,0.031764757,0.075479636,0.116242599,0.076457363,0.019340841,0.045439377,0.04085306,0.14452169,0.153233449,0.005334635,0.062322022,0.141569473,0.059240169,0,0.057544906,0.039294717,0,0.049762586,0.071685658,0.037946324,0.052987498,0.054460586,0.056351387,0.045272897,0.093535521,0.026479217,0.130791385,0.041820226,0.017758112,0.036565876,0.066742893,0.025406061,0.05723107,0.09383614,0.179161929,0.049651426,0.053655599,0.015137289,0.525905281,0.0381973,0.014300524,0.028247084,0.017043966,0.025283776,0.046065589,0.047186464,0.042946904,0.010563635,0.036526253,0.007639135,0.0026679,0.018716537,0.05624463,0.054833114,0.022592455,0.062549863,0.050760881,0.072009333
7614-R-P-D-T,R,P,CTX,D-T,0.097802123,0,0.017848863,0.134528749,0.071466212,0.081344299,0.076852711,0.036000225,0,0.131272111,0.066863522,0.026369728,0.023686994,0.022826232,0.030628375,0.293551108,0.165514412,0.090611922,0.028594034,0.033699012,0,0.045439792,0.009089414,0.02946154,0.052038093,0.053854434,0.104831092,0.016047848,0.150869883,0.042022836,0,0.03071023,0.385172353,0.018062427,0.024016699,0,0.07050236,0.099756869,0.19667363,0.065709706,0,0.029184059,0,0,0.211686061,0.122070349,0.02850942,0.03193956,0.048349477,0.06138583,0,0.041785014,0,0.035124628,0,0.052314054,0.111612349,0.091676582,0.1531125,0,0,0,0.019144988,0,0,0,0.108764466,0.029217141,0,0.098975965,0.084056567,0,0,0.059181043,0.078873025,0,0.056093955,0,0.131565883,0.060984828,0.183403557,0.536043072,0.02792204,0.115107453,0.085936751,0.087523055,0,0.062987735,0,0.041732784,0.03962943,0.14975972,0,0.015810208,0.036892496,0.149763445,0.11840761,0,0,0.146909991,0.049922723,0,0.033390008,0.048106407,0.045397184,0,0.057194692,0.020430008,0.029733625,0.029371789,0,0.061759739,0.069382551,0,0.105766047,0.034338815,0.011724895,0.027190124,0.113476415,0,0.106735292,0.009490733,0.126473024,0.055201046,0.021439714,0,0.529368432,0.043067883,0.016595319,0.036424218,0.029317117,0,0,0.05585882,0.066365857,0.029337281,0,0,0.019974044,0,0.081429988,0.078329606,0,0,0.025276156,0.068717418
7614-R-PF-D-T,R,PF,CTX,D-T,0.087176842,0.021839965,0,0.147781427,0.13726573,0.087184693,0.020231658,0,0.058991117,0.053732703,0.061843167,0,0.028095405,0,0.02903644,0.230889236,0.113645004,0.087248509,0.07337905,0,0,0,0.033305072,0.064316657,0.06850003,0.156246461,0.048767565,0,0.075901645,0.039527283,0,0.088058469,0.35657623,0.033675668,0.055096325,0,0.085785194,0.054999289,0.121746683,0.034106835,0.01000997,0,0,0.112334257,0.174508634,0.033182214,0.039817693,0.081880523,0.051998624,0,0.233088087,0.027569106,0.178280312,0,0.113041058,0,0.054780489,0.104421901,0.178411598,0.033334989,0,0.065219009,0,0.049903187,0.059774593,0,0.137129281,0,0,0,0.030036637,0.02474063,0,0.093843446,0.077497528,0.029133449,0.163798582,0.011413534,0.073242694,0.017598854,0.171038138,0.142632665,0,0.097553152,0.183876341,0.042964701,0.071943369,0.056074985,0.061420346,0.060272816,0.10412177,0.071370027,0.026194964,0.094491084,0,0.098633258,0,0.117383498,0.161715726,0.150745599,0.081641405,0.045974436,0.050402593,0.118210399,0,0,0.441669061,0.021050335,0.331571173,0.32404946,0.038616467,0,0.027979184,0.043081142,0.163097404,0.041059207,0.083584189,0.06656818,0.175883384,0.116041101,0,0.038501739,0.079134639,0,0.05470253,0.029956122,0.49544647,0.030607347,0,0,0.014950428,0.024556109,0.055822042,0,0,0.039652474,0,0.02965574,0,0.04078107,0.110555614,0.112552331,0.036877075,0.11454203,0.323160082,0.122071247
7614-R-T-D-T,R,T,CTX,D-T,0.091765174,0.02760874,0.023829626,0.11141452,0.077481664,0.046093598,0.026028934,0.023832278,0.018306631,0.111320915,0.107010588,0.018953801,0.04135721,0.025772759,0.084141756,0.268686048,0.122719847,0.057594091,0.113654964,0.030397926,0.017423742,0.049050106,0.09027606,0.037093225,0,0.103079935,0.070578253,0.040625657,0.099485274,0.13367,0.010511384,0.137307164,0.38674999,0.075847225,0.053833763,0.017281077,0.09366685,0.136790787,0.146695928,0.059152164,0.010033194,0.036950232,0.061011819,0.044710028,0.241963654,0.081556012,0.043278123,0.056842283,0.020889937,0.033049839,0.032983816,0.021763172,0,0.095521805,0,0.031987383,0.072148784,0.077212126,0.135497388,0.031963236,0.010623259,0.053899632,0.032001112,0.032922682,0.080889977,0.006487749,0.136295713,0.029543309,0.04221439,0.132440104,0.119998371,0.044261452,0.077059796,0.119434826,0.050996397,0,0.088821325,0,0.058878066,0.106467936,0.13588463,0.570749946,0.014498793,0.05886401,0.091369439,0.107934056,0.080085943,0.050286862,0.03551524,0.062374964,0.087309699,0.079367277,0.029272409,0.071321935,0.031041511,0.141029999,0.122104184,0.037067694,0.053928411,0.088948613,0.054566833,0.01252854,0.053054612,0.170172578,0,0.0578928,0.060687812,0.022413546,0.050150708,0.050012997,0.059074155,0.03482627,0.071166997,0.027660268,0.130207119,0.048639712,0.025672916,0.036569806,0.053407706,0.004720712,0.007147736,0.073290718,0.122277619,0.056066611,0.057073823,0.027473198,0.51703732,0.014497059,0.027703705,0.013157564,0.013849112,0.022324233,0.085114725,0.149939437,0.046180486,0.046188384,0.011784306,0.010382807,0.011287053,0,0.074603162,0.069457558,0.030455797,0.166991744,0.057024829,0.098983669
