"","7614-L-4-GP-DLX1","7614-L-4-Put-DLX1","7614-L-9-Ins-DLX1","7614-L-9-Thal-DLX1","7614-L-O-DLX1","7614-L-PF-DLX1","7614-L-T-DLX1","7614-R-2-GP-DLX1","7614-R-3-Thal-DLX1","7614-R-4-Put-DLX1","7614-R-5-Ins-DLX1","7614-R-F-DLX1","7614-R-O-DLX1","7614-R-P-DLX1","7614-R-PF-DLX1","7614-R-T-DLX1"
"1-168467950-G-A",0.0220664419371311,0.024613503824398,0.0202159478287708,0.0224970985726789,0.0170502715312884,0.0225046068832554,0.0111079117618838,0.0200433404737969,0.0231147533077459,0.0185631338403248,0.0180304611493655,0.0281370927556548,0.0261137681034197,0,0.0215841302746059,0.0237181657576115
"1-169329191-G-A",0.0845226705837055,0.065302314844834,0.085973474110873,0.120376906788199,0.0816219002615802,0.0895622151039798,0.0693055812133058,0.049082156210778,0.0128173531130537,0.0202388792612646,0.0186177455833564,0.0117041147196131,0.0191882389113334,0.0182089260182308,0,0.0200771103354601
"1-180856518-T-G",0.0125530704485688,0,0.0745494059740625,0,0.0279304003685752,0,0.00990487474461263,0.124167199825239,0,0.0347209664229408,0.0107075955570837,0.0128981266186671,0,0,0,0
"1-212352377-G-T",0.0102926097032233,0.00796945582229583,0.0191889454392682,0.00830769977970967,0.0183580517530657,0,0.00865419821788753,0,0.00894498753762842,0.0107026883177989,0.0127154035511927,0.0137594413560065,0.0118862461804483,0,0,0.0137287191032199
"1-239397797-T-A",0,0.0110865017539623,0,0.0113467986261633,0.0110310519922394,0,0.00942725247506301,0,0,0,0.0123461494583404,0.00780773598955638,0,0,0,0.0141435500494607
"1-240507547-A-T",0.00869795439469195,0.0187878339317632,0,0,0.00932099635591058,0,0,0,0.0224858243453748,0,0.0105362437990272,0,0,0,0,0.0101175403525939
"1-241434408-C-T",0.0267947940985962,0.0308719804820752,0.0278447007604872,0.0271783285961435,0.0240449580116414,0.0484786165563719,0.0296141968952476,0.0882839066953245,0.0251676878138829,0.118496894649244,0.0316112836786796,0.0250086850792962,0.0265580336923692,0.0662847879284573,0.0736010739947077,0.0471741599504673
"1-31691734-G-A",0.021889647878295,0.0273179182354077,0.0212679324393382,0.0250609863251563,0.022809896167308,0.0325214000243718,0.0299098624182122,0.0361260273267989,0.031775400269129,0.0276485533618518,0.0293080013266443,0.0281318346132992,0.0233225815101805,0.0627867927222091,0.0213735725267969,0.0282880432380431
"1-45675887-A-C",0,0,0.125944893990135,0,0.0950003328042966,0,0.00726835556031156,0.0100110181833392,0,0.127783725635412,0.0119814192448265,0.00752944594690487,0,0,0,0.00819837393180434
"1-64512024-C-T",0.0745450120932774,0.0619337295393615,0.0406402826672789,0.0349051466062867,0.0442612215730165,0.0467780269724987,0.0592118077486252,0.0128501165510857,0.0210748272957909,0.0175994706158857,0.0219846600590511,0.0253475158162324,0.0233762291106092,0.0348155311911395,0,0.0263462158793535
"1-98426749-G-A",0.0369911557673485,0.0492010190747579,0.0366552103097502,0.0157439648222281,0.0153718865475336,0,0.0283793724936047,0.0257581434364139,0.015191090506255,0.0121770256035871,0.00986911521278764,0.0149822191658498,0.0206874906017398,0,0.0479463301485384,0.0160754530645622
"1-99581604-C-G",0.0286864046036607,0.00987970594480832,0,0.0140740412539887,0.0196125564478533,0,0.014654734970965,0.0211556326701537,0.0190415750623653,0.0176928808881184,0.0214484149201682,0,0.0223999139844955,0.0365392047620934,0.0241472644208148,0.0352115851088696
"10-116196503-C-T",0.0527105319575853,0.0503048488246195,0.040680357389149,0.0548545994538628,0.0185222241809666,0.0397255180034417,0.0647639822859476,0.0819958342619057,0.0135573229207992,0.0645366065731099,0.0925386591596335,0.11420505695594,0.142355037662628,0.128893050744993,0.0577029786084615,0.106377285519079
"10-134908190-G-A",0.0269687488796786,0.0558056425791482,0.0781418781674217,0.0310965158098645,0.0617911259897266,0.0646575750139839,0.0632108587238614,0.0375761780108707,0.018607267836576,0.0245248360014372,0.024169420650911,0.0340051584368676,0.0169103339341979,0.0275868629534123,0,0.0195133559748018
"10-23042694-GAGTT-G",0.0134070262290625,0,0.0128105150868988,0,0.0119250598937637,0,0,0,0,0,0.0347394952291813,0,0,0,0,0.0117057183525204
"10-97951160-C-T",0.0118290055851846,0.0150269788617403,0.0082450570240422,0.0182059080475432,0.0150024380943016,0.0323931774195868,0.0154922432327928,0.00968775780753216,0.0169122685336705,0,0.0185426982939176,0.00732330564258376,0.0160313237458244,0.024390243902439,0,0.0131845525347574
"10-98982494-C-CT",0.0177260071522833,0,0,0,0,0,0,0,0,0.0247410584962568,0.0201721986701045,0,0.0461554527064391,0.0171196739349475,0,0.0193295690361848
"11-114745430-C-A",0.00883779914592167,0.00958838437972378,0.0151593474162675,0,0.00956642185974893,0,0.00924777011128249,0,0.0100559663532756,0,0.0182960845080043,0.00917238207700242,0.0100331642536444,0,0.0203405023637267,0.015305126468887
"11-115043033-C-T",0.0314720714869025,0.029966840772139,0.0118887659655553,0.053462211213496,0.0334491606038468,0,0.0515339556907245,0.0651931882264965,0.0248451997499977,0.0640721742691885,0.0878814804814668,0.0493810055233308,0.0838864944777631,0.0363696483726654,0.0447437370142683,0.0887617335531919
"11-117506570-A-C",0.0480455863134081,0.0329532250791514,0,0.0160431821887971,0.0162887190004466,0.0138521960328448,0.0287697822804617,0.0171650107997991,0.00882574376021736,0.0144322534482983,0.00873370772629586,0.0107601553175069,0.00812390842314103,0,0.0203747771719904,0.0647252580378689
"11-129560658-C-T",0.0357896029338564,0.0257912479354241,0.0211727868647072,0.025724959730238,0.0278215724362453,0.0223110001476737,0.0169083999984717,0.0214610064383544,0.0280377599380305,0.0335115196607746,0.0279796788709289,0.0208333333333333,0.0250840153752419,0.0239456571305288,0.0203535591030024,0.018865685942006
"11-92861647-G-A",0.0708590590583902,0.0640104908213293,0.0237977223100084,0.0529857210106274,0.0156259537616368,0.0855607633012415,0.0399425241181521,0.0201783578067816,0.0250203372894307,0.0333853064873675,0.0253775230576512,0.018819969800246,0.030067297198818,0.0313573622794532,0,0.0281925930067248
"11-97326785-G-A",0.0398198904901424,0.0213521238786177,0.0394238897575858,0.0381931705004646,0.029469178464537,0.0714893875923587,0.0273531995230243,0.020921295676436,0.0286224528166816,0.0331470754974301,0.0383960571045962,0.0286840442626353,0.0288261722090985,0,0.0624512290210549,0.037555788309434
"12-30637099-C-G",0.0129557303290034,0.0184283667244021,0.0194271835050065,0.0166574151163192,0.0141852296122005,0,0.0107667018469224,0.0106990123127728,0.0118266614466423,0.0110674737854743,0.0158650234173868,0.0210424750195815,0.0167753596597032,0,0,0.0200818328534557
"12-40717911-G-A",0.0208716169705684,0.0295200674286342,0.0212470739861526,0.0223928927280196,0.0198485939470513,0,0.0151178878327212,0.0365110926315792,0.018744875148769,0.0181458620131114,0.0191600416309837,0.0198023961783334,0.0207530652873531,0.0365229542810753,0,0.0209346628196808
"13-104312064-G-A",0.0164210475369611,0.012588828594761,0.0194220530544791,0.0172735017425434,0.0284187256976705,0,0,0.0162264127837078,0.0119191289246764,0.0225819376088572,0,0,0.0185216946644159,0,0,0
"13-104815490-G-A",0.0184052543458077,0.0470360434191798,0.075313336644384,0.027017161347915,0.0274493341146805,0.066519010523774,0.056119180172109,0.040193393552907,0.0329570848594505,0.0368254814433803,0.0303938732126782,0.0334375235107669,0.0286322637187482,0.0276078815187116,0.0538968055636296,0.0355376596107809
"13-113887705-CCAG-C",0.00781083160453884,0.00891047619079947,0.00947622554473629,0.00856988962738826,0,0.0806696485110067,0.00922924025252575,0,0,0,0,0.01662860301616,0.0090406157953953,0.0390285696125482,0.0513750225267482,0
"13-29160961-C-A",0.0279024499426622,0.0321694777316426,0.0273145211181607,0.0292700339622027,0.0177303849760498,0.0335578027607013,0.0192503570372767,0.0275784689587091,0.024390243902439,0.0209335160604666,0.0332717758785235,0.0307205527193262,0.0206537082350453,0,0,0.0184417324190306
"13-79159985-T-C",0.0335323233437871,0.0318314257449367,0.0399756413161546,0.036186625241314,0.029738808232643,0.0264258211290845,0.0246189198936127,0.0361314686764963,0.0329296747423663,0.0381616388486088,0.0377837490148929,0.039288762958096,0.0433419223060043,0.0553990406815849,0.0276641667586244,0.0279738064015031
"13-92654445-A-T",0.0093771751342007,0.00700930753074286,0.0132094518382761,0.00734559766094582,0,0,0,0,0.0102803648525108,0,0.00809776330178916,0.00720618960436169,0.00746872021634943,0.0148087219439773,0,0.00685204794635915
"14-48579727-C-T",0.0558571503274005,0.0793143967521209,0.0258321929491932,0.0123513279163303,0.0171821052212236,0.0547996624351191,0.0471008643851728,0.0112622896399914,0.0431284803547905,0.0114579790067789,0.0136986301369863,0.0192549956346042,0.0345032779671177,0.0263431684886916,0.0346687622640769,0.0662266178532522
"14-54432218-C-T",0,0.012291933821734,0.0201149840529727,0.0192421584939712,0.0146437319327348,0,0.0143193604772756,0.0190071480317426,0.0141895130952121,0,0.0135190694225499,0.0121214347391377,0.0136979875367684,0.0335012605086404,0,0.0101242789871798
"14-57423222-C-T",0.0183326495091608,0.0186490150938165,0.0261033441047935,0.0254022603013109,0.0169667083501499,0.0149154084910894,0.0305498614848302,0.0924371521701536,0.0245433626402455,0.0807643652443285,0.0442711002075716,0.108303748291173,0.028590285527769,0.0333797263040562,0.0597739893468555,0.0546358364708153
"14-59303124-G-A",0.0148730061437972,0.0284939990833481,0.0180470921634294,0.016474814842999,0.0159637714203525,0,0.0180427832519195,0.0163879383275188,0.0215265424454809,0.0167954591216973,0.0103723055763576,0.0238821627110048,0.0239399382182812,0,0,0.0179239487128211
"14-59583360-A-G",0.0238399513284051,0.0311832453776971,0.0241331966861976,0.0325606441456354,0.0327200776630907,0,0.0247221495755803,0.0246882224946871,0.0201913789774382,0.0343844032710486,0.0209641609547246,0.0342932990971375,0.0300168141251841,0.0355020884717833,0,0.0297768960314192
"14-65962309-A-C",0.00987055739821819,0,0.012953194003771,0.0174954627027159,0,0,0,0.0133262279060591,0,0.0131114423006143,0.0116809358580022,0.0177201750950965,0.017385389720371,0,0,0.0129608074523503
"15-42431069-T-C",0.0448770574994881,0.037218387707181,0.0392419181066236,0.0398198904901424,0.0393585362481357,0.0210351580955836,0.0295634663619773,0.0384862170258112,0.0362666553192349,0.0393181082321907,0.0431485498078343,0.0388824223570509,0.039508345946005,0.0337291628677443,0.0170896481756166,0.0341294940570381
"15-93474236-T-G",0.0117213883962892,0,0.0304981379760842,0.00921668772682219,0,0,0,0,0.014962919203159,0.0117720402337003,0.00989662533129804,0.00868547855439002,0,0,0.0270963907301702,0.0165219681700184
"16-28153814-G-A",0.014706677501897,0.0200267201187957,0.062207069094599,0.0193299129572758,0.136237129598993,0.0143219302565157,0.0704916312339912,0.0143888615767239,0.0164901140480844,0,0.0246932399162397,0.0105999788000636,0.0115041364807309,0,0.0105013285020886,0.0120665983430988
"16-58426889-C-A",0.0310377558906336,0.0336728119959789,0.102673586213049,0.0421866245542282,0.093113692229654,0.0325990683319404,0.0447101834009895,0.0176537795344577,0.0297458128954881,0.0356144869308906,0.0298070146327155,0.0245952044518379,0.0273306687230263,0.029074190231479,0,0.0345021970881498
"16-69679204-G-C",0.00781178484247314,0,0.00920847791236763,0.00837943061692377,0.0148098045716019,0,0,0,0.0501667790374944,0.0738236860949374,0.070996507311311,0.00825572733354783,0.101592819221789,0,0,0.0645126568451973
"17-31854088-G-A",0.00904098527516722,0.0196779491922895,0.0191168133347844,0.00943102496903475,0.0100564748338641,0.0319764739695539,0.00971423337651627,0.0202292144140492,0.0133636587008449,0.0236079633648132,0.0183679589592661,0.0183920195948681,0.0272902927954184,0,0,0.0108837191408056
"17-32373696-G-A",0.113924319077008,0.0812412544930352,0.0322063127631997,0.0124907329717835,0.0259286331414375,0.0520755643923295,0.0592203077774665,0.0355151128781451,0.0193549998341761,0.0252425471338273,0.0136253186552215,0.020678347871519,0.0320777652242194,0.0420889437396517,0.0439193127760477,0.0236967268194579
"18-27189441-TA-T",0.0111695246465949,0,0,0,0,0,0,0,0,0,0,0,0,0,0,0
"18-39171826-C-G",0.0135095051699041,0.0220815184127425,0.0112816240570402,0.0179479902890869,0.0180785228473722,0.0235172990898202,0.021902531581171,0.0130465614610689,0.0170341850039392,0.0212814132689687,0.0231233188784053,0.0145659817640067,0.0201930451551856,0,0.0241929687114843,0.0173166988209201
"18-40074413-T-C",0.0352841639768129,0.0523673498917468,0.0958811466972878,0.0498163576222272,0.0750871408182043,0.0807792391722019,0.0865544679126923,0.0325731170992228,0.0307260305630134,0.0186614587728627,0.0333125195109271,0.0304871121801999,0.0438081678634078,0.0551317846419971,0,0.0324064041382491
"18-56480516-G-A",0.0986078799762216,0.135509780886259,0.0934924902646448,0.0453720365837211,0.0517960412455647,0.163663417676994,0.0645980510233838,0.0174038106334386,0.0288692319172891,0.0322030594359766,0.0243960497211127,0.0348623475944835,0.0250286951625735,0,0.181855759204512,0.0309855193747633
"18-62319203-G-A",0.0138088752616497,0.0167822090110073,0.00792603069374011,0.0118019263496121,0.0131925815225314,0,0.00767846259399124,0,0.0106993185018639,0.023541470692913,0.0271322720843096,0.0151868563000505,0.020541200750444,0.018695671611767,0,0.0174492347733178
"18-65335071-G-A",0.122169444356305,0,0,0,0,0.0517087689995019,0.081923192051904,0.182574185835055,0,0,0,0,0,0,0.1337102340827,0
"18-72031228-C-T",0.01302220224843,0.0102296771953537,0.0246872193773434,0.0230804741922902,0,0.0408930410054766,0.0182734148228948,0.0222533804525262,0.0246481929223582,0.0389708996029383,0.0782749750024952,0.0444053035786885,0.0416035148134034,0.0321080649533968,0,0.0858468167785698
"19-29424630-G-T",0.0146270129526206,0.00807186899450017,0.0219837746340498,0.0179212620683163,0.0080514358399395,0.0194001113569588,0.0198653716632253,0.00987585082576786,0.0186533405061659,0.0146987318113814,0.0269050180595137,0.0299943016239857,0.0233221284465797,0,0.0280827978150865,0.0150978874249245
"19-31142255-G-A",0.0391984033201466,0.0236942876641032,0.0255538110154145,0.0383917035633264,0.0184710715573377,0,0.023776971820586,0.0129024202694581,0.0211536603560551,0.0222846701142061,0.0159964172037746,0.0237479005062894,0.0151802929839999,0,0.0924061655450546,0
"19-39211568-A-G",0.0449580119646998,0.0364801107329384,0.0499328279132465,0.0514495755427526,0.0315675815873586,0.028883564343935,0.0370116605098803,0.0345940002601192,0.0434691315758437,0.0428992968058524,0.0409883495788096,0.0511891417254566,0.0479227287047513,0.0480569331332213,0,0.0355110412114217
"2-138583113-G-A",0.0112387931352996,0.0172183618093467,0.0133529320165472,0,0.0123763703237684,0,0.0167160753256469,0.0155127343949458,0.0142939819043354,0.0157212495242602,0.0188780080372759,0.0148304197167041,0.00883159306765363,0,0,0.0124039505431166
"2-1519264-AAC-A",0.00700896318609228,0.0077170050990591,0,0,0.00771126695072683,0,0,0.107152365316736,0.0553864507056979,0.0892619977303816,0.0703646608399312,0.0165762048303255,0.0318313585516845,0,0.0623985224204834,0.0292125779259004
"2-189956910-G-A",0.0183912419689415,0.0223116480250694,0.021018888703981,0.0198879487451627,0.00984088008170462,0,0.0153380968361326,0.035278252104688,0.0254681882706248,0.0832178331623258,0.0713557965024638,0.0351347501691999,0.0869507343219528,0,0.0504433272305318,0.0776540453149019
"2-194793292-CTT-C",0.0358529497128493,0.0535391391172436,0.0470745483608906,0,0,0.0730102075405711,0.016252107831923,0,0,0,0,0,0,0,0,0.00908115771072059
"2-195046625-G-A",0.0262348562638542,0.0192331403261769,0.0117830675258752,0.0290609656730366,0.0223126199469969,0,0.02843863803116,0.0178666408328461,0.0196021916475461,0.019414730885301,0.017829447989446,0.0193534290419393,0.0243324127744636,0.0140775272573746,0,0.0176831963922435
"2-200153645-G-T",0.0170643920860401,0.0172439425125162,0.0170137918655888,0.0103561627666867,0.0189558558233704,0,0.00697240898952155,0.021024927213142,0.0102171219978879,0.00983278940393069,0.0196551297615067,0.0192317853071301,0.0197093193616708,0,0,0.0158930499790244
"2-231841419-C-T",0.0232753336404793,0.0163813404858795,0.0217083747526504,0.016254791424985,0.0348931578899427,0,0.0360497624178278,0.0180992387017004,0.0173226735452322,0.0238800224969022,0.0198114988403681,0.0209775555337783,0.0205066195798765,0.0285830975237515,0.0162865585496114,0.0255729292999016
"2-241281331-C-A",0.0232661114780678,0.0240934712326213,0.027762202908161,0.018578077426999,0.0202142513928144,0,0.0230685395858843,0.019491103732298,0.0222670370235891,0.0250039071657658,0.0168633824305338,0.0266413580126674,0.0160514470781026,0,0,0.0222332042946604
"2-24960206-G-A",0.0838500296619532,0.0478825292817557,0.039959528173464,0.0795632446657278,0.0872581249441765,0.0872594590744725,0.0579065880526074,0.0655747495481961,0.0937156865723881,0.0289690833104583,0.0320878556008674,0.0221503275457757,0.0262664627396447,0.0283752176919583,0,0.0295076416244328
"2-34606921-T-A",0.0085420179569636,0.00925212302755615,0.0101797319711857,0,0,0,0.00783068309558233,0,0,0,0,0,0,0,0,0
"2-49268814-A-C",0.0242946839026335,0.0230960638422895,0.0297646731824272,0,0.0272417882641598,0,0,0.0221214035767961,0.0169772191232787,0,0,0.0121527228339511,0.0139932009561017,0,0,0.0316607923757012
"2-56448245-G-A",0.0316930318984166,0.0353679727345775,0.0204209250153383,0.0252296896022997,0.0185935928221606,0,0.0292979367654524,0,0.0286816845041464,0.0226833778699842,0.0286475333208159,0.0356235249939548,0.0263454539325417,0,0,0.0271187998786428
"2-5965706-G-A",0.027544969439562,0.0235071894020236,0.0300737712202093,0.0168031633252245,0.0255713499526949,0,0.0384945805370231,0.0106642781358497,0.0322444364883297,0.0222290841097479,0.0338781513061725,0.022864236537055,0.0219816247614998,0,0.0359907875374348,0.0262555258032879
"2-71776656-C-A",0.0299449518862867,0.026718703359726,0.0326323186819058,0.0311837266971806,0.0325114826450717,0.118526500369793,0.0273565076941731,0.0275851135724566,0.021750440314933,0.0372395984861678,0.0377341699301181,0.0310985206785561,0.0351147493610312,0.0422765904290076,0.111019774382883,0.0359318802348927
"2-90231584-G-T",0.0149671085022313,0.0162607000121859,0.0282368730817557,0,0.0114889414714831,0,0.0140601230926985,0.0144292482939818,0.0107763876469123,0,0.0179576340436322,0.0217288640207816,0.0165249757186316,0,0,0.0255238280445078
"2-99501908-C-T",0.0286012776793915,0.0179105275587768,0.0162435292576479,0.0225577937896285,0,0,0.0174856530788986,0.0177835748507395,0.0146364103277967,0.0213686921585344,0.0195130463937832,0.0685472725885253,0.054374957519581,0,0,0.079329619618808
"20-13515886-C-T",0.0171746280455943,0.0204010837343527,0.0254030985413936,0.0119917525104339,0.0262477136776421,0.0422200330920749,0.029778338267049,0.0382488622971557,0.0195083425756838,0.0156374125412957,0.0239505623187586,0.0216176066193507,0.0258967340522943,0.0483933918495827,0,0.0295022082094555
"20-29913114-C-T",0.0311340280400877,0.0205342705205739,0.0170664037196572,0.00909730200383987,0.0348155311911395,0,0.0276203241846606,0.0164044678731197,0.0244393609826068,0.0256866638123647,0.0451339646014365,0.025726679508539,0.0209518868547528,0.0310834936080105,0,0.0300556544889144
"21-17683648-TTA-T",0.00805352440958291,0,0,0.00906435422187014,0,0,0,0,0,0.0329052167130019,0,0.0087327086177041,0.00964351093109821,0,0,0
"21-35693543-G-A",0.0101417061762602,0.0202788688692883,0.00836680943819141,0.0141426070518233,0.0158445977299322,0,0.0112891699341821,0.010658824656518,0.0123650115111355,0.0240409622308823,0.0152498570332605,0.020239076647308,0.0140612813626501,0.0225074568303172,0,0.0188763263297284
"21-43101791-G-A",0.0274654072935225,0.024098134635594,0.0304008950155241,0.0332447984270923,0.0298923942313565,0.0277777777777778,0.0468355158088336,0.0833827788416749,0.0290417682428057,0.168649122384236,0.154034222025366,0.108407794312285,0.112861737267908,0.0821821428358832,0.163745114591021,0.0858175371443894
"22-19049947-T-TCCTC",0,0,0.0605563714182628,0,0.121416698777453,0.010236642538758,0.0817253647924793,0,0,0,0,0.00945586843090292,0,0,0.0085601505777971,0
"22-35279008-G-A",0.0685894862630545,0.080774642695978,0.0721990071931211,0.0499570865601896,0.029694503313814,0.0666296604652769,0.0522708373489317,0.0626262666198773,0.0177786557577659,0.015890040026664,0.0432115642706277,0.0209075732932165,0.0348169379645281,0.104370715180858,0.0700892014657919,0.0688944131978247
"3-107731469-C-T",0.0323899406912196,0.0232663023019914,0.025285188720468,0.024433888871261,0.0159056098839221,0.0294798475856513,0.0252391847452813,0.042312317427519,0.0240523950796978,0.0286460640281712,0.0194103415568862,0.0369747463988835,0.0243372163304821,0,0.0157896923795253,0.0270810307315231
"3-111155080-C-T",0.0220020682916337,0.0162004140230712,0.0157661256613467,0.0258184546559652,0.0178429242524063,0.0356235249939548,0.0164155153980254,0.0218634734723313,0.0316862125262239,0.0364699786277571,0.0200723911475925,0.016461267758703,0.0189337577908657,0.025717224993682,0,0.0277613600171821
"3-162456631-G-A",0.0362121397844887,0.0084627328427355,0.0756756106427378,0.0715037198674812,0.0469256575021319,0,0.0408544922692413,0.0155756437838666,0.0115985400676586,0.0163945441477377,0.0161570778926309,0.0184912709444764,0.0175196110409212,0.0244851053437196,0,0.0149822191658498
"3-196886773-C-T",0.0188800266797622,0.031716623651025,0.0248324291504647,0.0261929899726761,0.0271830141109781,0,0.0305368835228835,0.027563797887054,0.0216080517959451,0.0275533328736213,0.0289566319141243,0.034319911152729,0.0215016476268765,0,0,0.029325919519458
"3-23502134-AGAAAG-A",0.0243714035793131,0,0,0.0205963138642909,0.0120090341918466,0,0,0.0388912896598817,0.0372058414780339,0.169308026618532,0.150106028344774,0.0937062445613351,0.0978476573397163,0.10489254019126,0.17463559859131,0.0839693245038158
"3-49012324-G-T",0.00804465919402554,0.00887391446775003,0.00961894257466101,0.00899223855157053,0.0183155098218299,0.0255906007630385,0,0,0,0.0119208225842124,0.00990876396621912,0,0.00915852301784946,0.0276078815187116,0,0
"3-70199639-G-C",0,0.00646116716536954,0.0121449527410952,0.00668063637963086,0.0114783407191697,0,0.00597550284851841,0,0,0.00907106441715448,0.00721049689462533,0,0.00971331680970039,0,0.00780321824265211,0
"3-83951534-A-G",0.0385422305331948,0.0325047206974562,0.0452314747402207,0.0462599163316698,0.0388320965291816,0,0.0256372802384873,0.0435011092924306,0.039394934228072,0.0433315491298078,0.0452794727326658,0.0377380882406471,0.0375911515830971,0,0,0.0408510239987424
"3-96090255-C-T",0.0206746647145741,0.026032969149105,0.0263094133109657,0.0256545226945415,0.0206328153530058,0,0.0195456775220618,0.0413603803766232,0.0371245990968472,0.0155993142692168,0.0394684697568051,0.0669869852464906,0.0769030774227264,0.147474673775661,0.0641500299099584,0.0851282450117231
"4-159172058-G-A",0.00944658182960537,0.010586901941297,0.0112091001028727,0.0104972776216296,0.0104042557948528,0,0.0196593073809878,0.0318734374928279,0.0216118361536838,0,0,0,0.0107845314085402,0,0,0.0188914778984526
"4-16800988-T-A",0.00977017302934249,0.0103436899658623,0.011507182723729,0.0108525892686623,0,0.0259237923682606,0.0107238991292915,0.0136845137875993,0.00748418298913404,0,0.0115686203345687,0.0128282463980868,0.00798646641971267,0.0212429644331044,0,0.0139872680558651
"4-181698552-T-C",0.0355524494943201,0.0445149742791571,0.0405831767549089,0.023816275411477,0.0357391592767072,0,0.0292993340011527,0.0411306372830311,0.057676796922383,0.0191882389113334,0.0445277665513534,0.0412964079107526,0.0390709390837108,0.0485642931178633,0,0.0341416478454299
"4-184808022-A-G",0.0364124866070347,0.0294066774854506,0.0400849759012734,0.027087691051693,0.0867587409205808,0,0.0256903367059678,0.0272792660623109,0.0282998404424119,0.0245903704521106,0.0257427761425514,0.0242332070132628,0.0388109646875105,0.0342694925693832,0,0.0300161380124387
"4-185375793-C-T",0.0221844586195457,0.0207953309622941,0.0278324969653092,0.0196481729767793,0.0235288690058217,0.0113307628007308,0.0150901499881595,0.0203986076385623,0.0128442853475486,0.0212142641753243,0.0195463175909685,0.0169569483928592,0.024275785813162,0,0.0135693829334507,0.0199158672012544
"4-28629401-C-T",0.0139713322950243,0.0193166852321564,0.017569564951772,0.0221200505443732,0.0107632712227404,0,0.0268971769868277,0,0.0170054255962859,0,0,0.0237276139171262,0.0200589260684978,0,0,0.0215465206794286
"4-33192479-C-A",0.0162429935476975,0.015269400167902,0.0164480506856893,0.00901230117393125,0,0,0.0122508181522693,0.0116239784969616,0.0122701695638718,0,0.00987296244622986,0.0149498154768121,0.0154315597717793,0,0,0.0153840085323427
"4-71105167-A-T",0,0,0.011131054940624,0,0.0139556773736444,0,0.0275019660311258,0.0532690315090316,0.00924658401819137,0.041764667586049,0.0687186782588464,0,0.0105053840758523,0,0.100758544371976,0.0278007707274789
"5-109537368-T-C",0.0305796257725672,0.0303095252345068,0.0308659197449429,0.0216075113356796,0.023973930537656,0,0.0236646346629642,0.0297729171025915,0.0230609803506075,0.0272300029344868,0.0375941030337814,0.0248536391467624,0.0346791842580787,0.0321619897823465,0.0722315118514616,0.0323191887509158
"5-146867769-A-G",0.0517559672041737,0.0354168801660573,0.0474083513102967,0.0432889739316435,0.0389867520715331,0,0.0476478683495536,0.0479035236466635,0.0550586170123568,0.0460898012825218,0.0666731088241602,0.0568545685321228,0.0560812236444698,0.0466760028009337,0.0740233210197605,0.0487696094205455
"5-160411647-T-G",0.0592797673336465,0.0472827087841953,0.0973747934399427,0.0294430396550354,0.128847365369699,0.0528147733019846,0.0861407714187559,0.0225060317214526,0,0,0.0139938860074304,0,0,0,0.0367359179185323,0.00939640487154406
"5-17226551-A-G",0.0311261270050563,0.0277117649323535,0.0288620476801159,0.0276347020330696,0.0387955771330955,0,0.0381991652879053,0.0373500256081201,0.0329120581940996,0.0312958771962203,0.0399781232235051,0.0333083070794449,0.0300566987951112,0.047918798518276,0.0298807152333598,0.0272624878403135
"5-44770209-G-A",0.0182717806270193,0.00743622892015671,0.0138179905754704,0.0109014895450262,0.0154713701280436,0,0.00705117629602039,0,0,0.0151602184178722,0.0166921881312345,0.0076678459016468,0.0206196524710581,0.024592229345446,0,0.0103334682433827
"5-51128677-C-A",0.0202545565218316,0.0231521183305199,0.013319921497942,0.0155220754775018,0.0148400787030821,0,0.0162153871087804,0.0141336579714812,0.0224943560305865,0.0180686831237633,0.0186832681060064,0.0168168198499078,0.0246078607109256,0.0166666666666667,0,0.00734758022492377
"5-65315424-G-A",0.0107100517093255,0.0231877239584906,0.017878534642384,0.0199780362335779,0.0112783947385092,0.0266532447080857,0.0173231067366134,0.0180923255062985,0.0158504018854304,0.018814417367672,0.0234652397850938,0.0282677503135254,0.019011269418376,0,0.018242223059788,0.0244211348923824
"5-85460580-G-T",0.0228132877212881,0.0132809034721579,0.0220454782306918,0.0307134388271035,0.0181503448711729,0,0.018287312293418,0.0423246245812275,0.0230222057599299,0.0406741209851236,0.063335620494259,0.124352390321964,0.052523741649471,0.0570916142002902,0.115032665698461,0.151689366993553
"6-101898717-G-A",0,0.0126359760520176,0.0321835601550873,0.0327272572716649,0.0153483308638511,0,0.0228727909167241,0,0.00864061893933362,0.0165999399083263,0,0.0148364033440272,0,0.0380005700128253,0,0
"6-110014503-C-T",0.0223172035760694,0.0135585690173646,0.0167747695909484,0.0156541685409885,0.0135122797970264,0.0226107815823067,0.00767393946530351,0,0.0159041011229223,0.0101929438287525,0.00862517776135472,0.0834069546114131,0.0430175032348636,0,0,0.0587258428853295
"6-122610884-C-T",0.0647437277171063,0.0524012870752591,0.0666625518213295,0.101847170769451,0.0533563495956789,0.0497079362570262,0.0603299866642484,0.0220637149253713,0.0157377895072927,0.0177555206057109,0.0168037563954912,0.010494098073587,0.0320101310313388,0.0209151935046053,0.0191179778225468,0.0246441099550589
"6-131367555-G-A",0.0214457724592329,0.0177639229347271,0.0190174565282241,0.0250568338443665,0.0213565058489271,0,0.0138250315902333,0.0257070258162062,0.0143576830751316,0.0115547110939486,0.0216971303320396,0.0294255558639623,0.0658355123592292,0,0.0407569572969611,0.063462755977088
"6-156279892-A-G",0.0505974985215082,0.0562543950463012,0.038854367010013,0.0429000017313215,0.0543474073272123,0.0656532164298613,0.0414048435671034,0.0329618588270078,0.0524232438527937,0.0442470175749852,0.0430364691345285,0.040980112133719,0.0457748607123174,0.0573068255061253,0,0.0372626246198164
"6-23944712-G-T",0.0174683672256725,0.0125685943736986,0.0109642136464945,0.00763403264699516,0.0103511682340756,0.0120718725904592,0.0095268343958959,0,0.0164155153980254,0.00991850709931657,0.00807423669017402,0.0103320892524854,0.0184768510738316,0,0.0147852333774176,0.0126809374636546
"6-27985938-C-T",0.0236906303429145,0.0186818009040552,0.0888118901119686,0.0161318302513648,0.0998441152598636,0.0512231498992579,0.0392744880737249,0.0200040012004001,0.0278339126541461,0.0306487380204095,0.0314611666727943,0.0213939434474601,0.0249610288149659,0,0.036429932929823,0.0268136508186703
"6-7569605-G-A",0.0218835321091462,0.0268305352314199,0.0245084922713437,0.0203991381546191,0.0236497396202637,0.0186704011203735,0.0249036844738307,0.0313775419101358,0.0159139661299791,0.0481807276019337,0.0362624045044877,0.0227921152919276,0.0334373535783155,0.0261488180184245,0.0649411182636925,0.0332620140562731
"7-131427177-ATTTC-A",0,0,0,0.00952251403179186,0.00931978186746626,0,0,0.0853300647356782,0,0.067298634217768,0.0523165986510636,0.0307704446174183,0.0239307964754301,0,0.0979404213748784,0.0101435321242228
"7-150175576-A-C",0.0119380825397901,0.0106080272672478,0.00811187160968674,0,0,0,0,0.0101929438287525,0.0083929957783074,0.0316862125262239,0.0315137922718819,0.019645103499869,0.0527665506989444,0.0965859289380504,0,0.00733827610386997
"7-33765368-A-G",0.0294733192181211,0.0242971937025548,0.0383670614373397,0.0263714667410964,0.0307893992694781,0,0.0258664906371747,0.0304259008967953,0.0165788243767331,0.0319782905566294,0.0317242122144685,0.0252934389740801,0.0284238912256147,0,0,0.0284768120652714
"7-37910766-C-T",0.0301639911712273,0.026080252441374,0.0317857911617641,0.0186721911329922,0.0257701148213217,0.0194220530544791,0.0246488168877509,0.0251391744380392,0.0321257334455598,0.0317304905340827,0.0286581189061293,0.0282218181680105,0.0346479464337618,0.0414691506510318,0.0210795090302251,0.0169127522872935
"7-67855805-C-T",0.0262101213326113,0.028372362324133,0.0341606780023586,0.0517637534296235,0.0250191191323526,0.0381523796858258,0.0334368225561029,0.0494501762318136,0.0187903213433143,0.0604653585140302,0.0790395491507916,0.0542163085251494,0.0989785527848864,0.023162052730604,0.0467524582212185,0.0761302120325985
"8-121214447-G-A",0.0237000541546856,0.0148027717331045,0.0245863885282804,0.0123963237954626,0.0225564820611987,0,0.0232971501821484,0.0159020901093058,0.0251876384217038,0.0205832206738609,0.0136089064053436,0,0.0179237087847206,0,0,0.0127406627240819
"8-138116363-A-G",0.0448033164333281,0.0415142198200959,0.0371116553539277,0.0329910986797416,0.0461662456728705,0,0.031031567920648,0.0510135593266463,0.0427366615655012,0.0470262906368061,0.0471523607447167,0.0347174788063961,0.046994473774807,0.0509514867096453,0,0.0535716797897537
"8-14411299-CTT-C",0.00811080425815454,0,0,0,0,0,0,0,0.00798036055764296,0,0,0,0,0,0,0
"8-27531157-G-A",0.0392837100659193,0.037585840723161,0.0402955094231469,0.0486941984949718,0.067289957222213,0,0.0595859991013905,0.0232999606230998,0.0232369706170087,0.0336853942681321,0.0315806970399945,0.0291222335419647,0.0355870672722336,0.035921060405355,0.0294308653235721,0.0178164734818774
"8-72947366-G-A",0.0256049775061743,0.0222613437308102,0.0295803989154981,0.0109913340016126,0.0237496864319914,0,0.0123163045857488,0.0300165136249901,0.0215929342205433,0.010342306879228,0.0261918348157848,0.108934744766802,0.015625,0.0180952873341822,0,0.0260827089929258
"8-73826564-G-A",0.0128533005568874,0,0.0155869921597138,0.0101755150149273,0.0175017137933842,0,0.010755797592938,0.0284164308112697,0.00977998033247932,0.0315754488975336,0.0112938487863156,0,0.0148160342916918,0,0,0.0199046857164508
"8-81399897-C-T",0.0347162108427425,0.0670515682630877,0.10934380823729,0.0466563331823607,0.0326925721719338,0.107486154585003,0.0300031880080978,0.0206032342405138,0.0309536707155314,0.0282955917487146,0.0186233947834727,0.0389211014394349,0.0257778195315143,0.033167906340333,0,0.0167629812763576
"9-133760767-C-T",0.0589699457631053,0.0195830130720925,0.0287135904729186,0.0206203830814745,0.026466925246522,0.0196380671908585,0.0341779654594876,0.0481097383846446,0.0304635256855686,0.0287301762838747,0.0265547821792762,0.0231713778545397,0.0194705880399145,0.0277670672403533,0.0165725623087565,0.0187267887775879
"9-134665838-G-A",0.0209828325744338,0.0217143448010186,0.0630538171876364,0.0218634734723313,0.0292614255753003,0.0292759566372463,0.0291556341563716,0.0446635969526434,0.0203894892360311,0,0.0268535008925407,0.0254685815986805,0.0254875320797133,0,0.0244247768482437,0.0232244338097206
"9-1722340-A-G",0.0365554769538429,0.0190157372806928,0.0408802252179572,0.0182955741498539,0.02980629241485,0,0.0266198568749975,0.0158015154379992,0.0689319945338184,0.0425518155879309,0.0413272540821959,0.0669488717805438,0.0439799497133543,0.0518475847365212,0,0.123337007803093
"9-38668272-C-T",0.0167781141374581,0.0106576139079872,0.0199986667999852,0.0155323701836621,0.0299829520426607,0,0.0183948717340796,0.018804435361115,0.0287174804814531,0.019486477422928,0.0205600054168768,0.0251789873349222,0.028746281831908,0,0,0.026082026547865
"9-76576921-A-G",0.0460308510087284,0.0511097459082975,0.0422954934437813,0.0360779865004662,0.0339031751810405,0,0.0376038846819418,0.0442807442770048,0.0369435975011295,0.0242583195032875,0.0398985689365394,0.0469274035937818,0.0408044319284275,0.0653255334464013,0,0.0456547377171051
"9-78228121-C-G",0.0185062829582012,0.0108753487814268,0.0121383896750979,0.0188752054410168,0.0132379711839775,0,0.0113387722089737,0.010344520084235,0.0203423059461882,0.0147989889676094,0.0122078375059746,0.0153181393175252,0.0146119107367334,0,0,0.00773637952217214
"9-7860755-C-T",0,0.0174289043593937,0.0166424141506141,0.0185509920918455,0.0176079261959545,0,0.00751200532667472,0.010459312659567,0.018268382903531,0.0153248831386336,0.0195120558335311,0.0111514532196494,0.018097657844094,0.0210026570041772,0,0.0108535480485451
"9-88011667-A-C",0.0293845425070661,0.0172279412261863,0.0133362972843165,0.0150408537992473,0.0151249183099066,0.24575371749616,0,0.0110735792298119,0.0477002395750549,0,0.0617633701837729,0.0630449831493071,0.0128173531130537,0.0296044623208668,0.0328620389950388,0.0379975217980037
"X-117352547-A-T",0.111157425830045,0.0854226202186105,0.0237954253581977,0.0716802289483567,0.0169711058325533,0.0479930304413317,0.0521251767437952,0.0376696007080111,0.0171697089384951,0.0161122748174277,0.0186075362758053,0.0136351311776236,0.00697325654425507,0.0191424813288516,0,0.0135575305797014
"X-124310752-C-T",0.0333973030169214,0.0502936380200767,0.0267046736934966,0.00863192308341681,0.0228959988976427,0.0372161463782394,0.0223237366543924,0.0112773189150948,0.013578970689665,0.0116985071902513,0.0164681115567708,0.0191123902211349,0.0181623154214412,0,0.0340010200459023,0
"X-138175923-C-T",0.0164987152125773,0.023325300446383,0.01152474570569,0.0252712796109976,0.0230546976023332,0.0182818106031783,0.0182886884922471,0.025171674142856,0.0153998100701803,0.0218582498493987,0.0189479142968069,0.0276712266456243,0.023698279401489,0,0.0330301140706868,0.0277974459953336
"X-141942973-G-A",0.0204099849076965,0.0224708969651017,0.0182558973221119,0.0278580124645184,0.0249921911602031,0.0313419570403611,0.0212621627781281,0.0110573204481618,0.0495255884340363,0.0306549091144054,0.091490631838925,0.115365223989862,0.0653353171117918,0,0.111005742560989,0.149392077834834
"X-51984755-C-T",0.00710579340568396,0.0134010055598439,0.0169006708854465,0.0134030115482631,0.0107131242777995,0,0.00785141261583612,0,0.0185328240583255,0.0146726021196028,0.024241088682043,0.0164634984943872,0.019482778746341,0,0,0.0196747750735186
